// Auto-generated by deploy/tflite/export_model_header.py
// source: phase5_cnn_int8.tflite (24352 bytes)
#ifndef CARDIOEDGE_MODEL_H_
#define CARDIOEDGE_MODEL_H_

alignas(16) const unsigned char cardioedge_model_data[] = {
  0x20, 0x00, 0x00, 0x00, 0x54, 0x46, 0x4c, 0x33, 0x00, 0x00, 0x00, 0x00,
  0x14, 0x00, 0x20, 0x00, 0x1c, 0x00, 0x18, 0x00, 0x14, 0x00, 0x10, 0x00,
  0x0c, 0x00, 0x00, 0x00, 0x08, 0x00, 0x04, 0x00, 0x14, 0x00, 0x00, 0x00,
  0x1c, 0x00, 0x00, 0x00, 0xac, 0x00, 0x00, 0x00, 0x04, 0x01, 0x00, 0x00,
  0xbc, 0x30, 0x00, 0x00, 0xcc, 0x30, 0x00, 0x00, 0xe4, 0x5d, 0x00, 0x00,
  0x03, 0x00, 0x00, 0x00, 0x01, 0x00, 0x00, 0x00, 0x04, 0x00, 0x00, 0x00,
  0x12, 0xcc, 0xff, 0xff, 0x0c, 0x00, 0x00, 0x00, 0x1c, 0x00, 0x00, 0x00,
  0x3c, 0x00, 0x00, 0x00, 0x0f, 0x00, 0x00, 0x00, 0x73, 0x65, 0x72, 0x76,
  0x69, 0x6e, 0x67, 0x5f, 0x64, 0x65, 0x66, 0x61, 0x75, 0x6c, 0x74, 0x00,
  0x01, 0x00, 0x00, 0x00, 0x04, 0x00, 0x00, 0x00, 0x70, 0xff, 0xff, 0xff,
  0x1e, 0x00, 0x00, 0x00, 0x04, 0x00, 0x00, 0x00, 0x08, 0x00, 0x00, 0x00,
  0x6f, 0x75, 0x74, 0x70, 0x75, 0x74, 0x5f, 0x30, 0x00, 0x00, 0x00, 0x00,
  0x02, 0x00, 0x00, 0x00, 0x28, 0x00, 0x00, 0x00, 0x04, 0x00, 0x00, 0x00,
  0x98, 0xff, 0xff, 0xff, 0x01, 0x00, 0x00, 0x00, 0x04, 0x00, 0x00, 0x00,
  0x0d, 0x00, 0x00, 0x00, 0x69, 0x6e, 0x70, 0x75, 0x74, 0x5f, 0x6c, 0x61,
  0x79, 0x65, 0x72, 0x5f, 0x31, 0x00, 0x00, 0x00, 0x3e, 0xcc, 0xff, 0xff,
  0x04, 0x00, 0x00, 0x00, 0x0b, 0x00, 0x00, 0x00, 0x69, 0x6e, 0x70, 0x75,
  0x74, 0x5f, 0x6c, 0x61, 0x79, 0x65, 0x72, 0x00, 0x02, 0x00, 0x00, 0x00,
  0x34, 0x00, 0x00, 0x00, 0x04, 0x00, 0x00, 0x00, 0xdc, 0xff, 0xff, 0xff,
  0x21, 0x00, 0x00, 0x00, 0x04, 0x00, 0x00, 0x00, 0x13, 0x00, 0x00, 0x00,
  0x43, 0x4f, 0x4e, 0x56, 0x45, 0x52, 0x53, 0x49, 0x4f, 0x4e, 0x5f, 0x4d,
  0x45, 0x54, 0x41, 0x44, 0x41, 0x54, 0x41, 0x00, 0x08, 0x00, 0x0c, 0x00,
  0x08, 0x00, 0x04, 0x00, 0x08, 0x00, 0x00, 0x00, 0x20, 0x00, 0x00, 0x00,
  0x04, 0x00, 0x00, 0x00, 0x13, 0x00, 0x00, 0x00, 0x6d, 0x69, 0x6e, 0x5f,
  0x72, 0x75, 0x6e, 0x74, 0x69, 0x6d, 0x65, 0x5f, 0x76, 0x65, 0x72, 0x73,
  0x69, 0x6f, 0x6e, 0x00, 0x22, 0x00, 0x00, 0x00, 0xb4, 0x2f, 0x00, 0x00,
  0xac, 0x2f, 0x00, 0x00, 0xa4, 0x2f, 0x00, 0x00, 0x94, 0x2e, 0x00, 0x00,
  0x04, 0x2e, 0x00, 0x00, 0xb4, 0x2d, 0x00, 0x00, 0xa4, 0x15, 0x00, 0x00,
  0x94, 0x0b, 0x00, 0x00, 0x14, 0x0b, 0x00, 0x00, 0xa4, 0x0a, 0x00, 0x00,
  0x14, 0x02, 0x00, 0x00, 0x84, 0x01, 0x00, 0x00, 0x68, 0x01, 0x00, 0x00,
  0x50, 0x01, 0x00, 0x00, 0x3c, 0x01, 0x00, 0x00, 0x28, 0x01, 0x00, 0x00,
  0x14, 0x01, 0x00, 0x00, 0x0c, 0x01, 0x00, 0x00, 0x04, 0x01, 0x00, 0x00,
  0xfc, 0x00, 0x00, 0x00, 0xf4, 0x00, 0x00, 0x00, 0xec, 0x00, 0x00, 0x00,
  0xe4, 0x00, 0x00, 0x00, 0xdc, 0x00, 0x00, 0x00, 0xd4, 0x00, 0x00, 0x00,
  0xcc, 0x00, 0x00, 0x00, 0xc4, 0x00, 0x00, 0x00, 0xbc, 0x00, 0x00, 0x00,
  0xb4, 0x00, 0x00, 0x00, 0xac, 0x00, 0x00, 0x00, 0xa4, 0x00, 0x00, 0x00,
  0x9c, 0x00, 0x00, 0x00, 0x7c, 0x00, 0x00, 0x00, 0x04, 0x00, 0x00, 0x00,
  0x3e, 0xcd, 0xff, 0xff, 0x04, 0x00, 0x00, 0x00, 0x68, 0x00, 0x00, 0x00,
  0x0c, 0x00, 0x00, 0x00, 0x08, 0x00, 0x0e, 0x00, 0x08, 0x00, 0x04, 0x00,
  0x08, 0x00, 0x00, 0x00, 0x10, 0x00, 0x00, 0x00, 0x28, 0x00, 0x00, 0x00,
  0x00, 0x00, 0x06, 0x00, 0x08, 0x00, 0x04, 0x00, 0x06, 0x00, 0x00, 0x00,
  0x04, 0x00, 0x00, 0x00, 0x01, 0x00, 0x00, 0x00, 0xeb, 0x03, 0x00, 0x00,
  0x0c, 0x00, 0x1c, 0x00, 0x18, 0x00, 0x14, 0x00, 0x10, 0x00, 0x04, 0x00,
  0x0c, 0x00, 0x00, 0x00, 0xac, 0x85, 0xee, 0xb9, 0xa0, 0xf3, 0xe0, 0x2e,
  0x00, 0x00, 0x00, 0x00, 0x02, 0x00, 0x00, 0x00, 0x02, 0x00, 0x00, 0x00,
  0x04, 0x00, 0x00, 0x00, 0x0a, 0x00, 0x00, 0x00, 0x32, 0x2e, 0x32, 0x32,
  0x2e, 0x30, 0x2d, 0x72, 0x63, 0x30, 0x00, 0x00, 0xb2, 0xcd, 0xff, 0xff,
  0x04, 0x00, 0x00, 0x00, 0x10, 0x00, 0x00, 0x00, 0x31, 0x2e, 0x31, 0x31,
  0x2e, 0x30, 0x00, 0x00, 0x00, 0x00, 0x00, 0x00, 0x00, 0x00, 0x00, 0x00,
  0x30, 0xc0, 0xff, 0xff, 0x34, 0xc0, 0xff, 0xff, 0x38, 0xc0, 0xff, 0xff,
  0x3c, 0xc0, 0xff, 0xff, 0x40, 0xc0, 0xff, 0xff, 0x44, 0xc0, 0xff, 0xff,
  0x48, 0xc0, 0xff, 0xff, 0x4c, 0xc0, 0xff, 0xff, 0x50, 0xc0, 0xff, 0xff,
  0x54, 0xc0, 0xff, 0xff, 0x58, 0xc0, 0xff, 0xff, 0x5c, 0xc0, 0xff, 0xff,
  0x60, 0xc0, 0xff, 0xff, 0x64, 0xc0, 0xff, 0xff, 0x68, 0xc0, 0xff, 0xff,
  0x0a, 0xce, 0xff, 0xff, 0x04, 0x00, 0x00, 0x00, 0x04, 0x00, 0x00, 0x00,
  0x00, 0x00, 0x00, 0x00, 0x1a, 0xce, 0xff, 0xff, 0x04, 0x00, 0x00, 0x00,
  0x04, 0x00, 0x00, 0x00, 0x68, 0x01, 0x00, 0x00, 0x2a, 0xce, 0xff, 0xff,
  0x04, 0x00, 0x00, 0x00, 0x04, 0x00, 0x00, 0x00, 0x01, 0x00, 0x00, 0x00,
  0x3a, 0xce, 0xff, 0xff, 0x04, 0x00, 0x00, 0x00, 0x08, 0x00, 0x00, 0x00,
  0x01, 0x00, 0x00, 0x00, 0x02, 0x00, 0x00, 0x00, 0x4e, 0xce, 0xff, 0xff,
  0x04, 0x00, 0x00, 0x00, 0x0c, 0x00, 0x00, 0x00, 0x33, 0x00, 0x00, 0x00,
  0xd2, 0xff, 0xff, 0xff, 0xee, 0xff, 0xff, 0xff, 0x66, 0xce, 0xff, 0xff,
  0x04, 0x00, 0x00, 0x00, 0x80, 0x00, 0x00, 0x00, 0x27, 0x00, 0x00, 0x00,
  0x03, 0x00, 0x00, 0x00, 0xa5, 0xff, 0xff, 0xff, 0x3b, 0x00, 0x00, 0x00,
  0x03, 0x00, 0x00, 0x00, 0xfe, 0xff, 0xff, 0xff, 0x20, 0x00, 0x00, 0x00,
  0x1e, 0x00, 0x00, 0x00, 0xf1, 0xff, 0xff, 0xff, 0x53, 0x00, 0x00, 0x00,
  0x2b, 0x00, 0x00, 0x00, 0x24, 0x00, 0x00, 0x00, 0x2f, 0x00, 0x00, 0x00,
  0x11, 0x00, 0x00, 0x00, 0x2e, 0x00, 0x00, 0x00, 0x11, 0x00, 0x00, 0x00,
  0x1d, 0x00, 0x00, 0x00, 0x04, 0x00, 0x00, 0x00, 0x0d, 0x00, 0x00, 0x00,
  0x35, 0x00, 0x00, 0x00, 0x2c, 0x00, 0x00, 0x00, 0x32, 0x00, 0x00, 0x00,
  0x44, 0x00, 0x00, 0x00, 0x22, 0x00, 0x00, 0x00, 0x06, 0x00, 0x00, 0x00,
  0x14, 0x00, 0x00, 0x00, 0x37, 0x00, 0x00, 0x00, 0xfb, 0xff, 0xff, 0xff,
  0x34, 0x00, 0x00, 0x00, 0x15, 0x00, 0x00, 0x00, 0xfb, 0xff, 0xff, 0xff,
  0x27, 0x00, 0x00, 0x00, 0xf2, 0xce, 0xff, 0xff, 0x04, 0x00, 0x00, 0x00,
  0x80, 0x08, 0x00, 0x00, 0x37, 0xdb, 0xfe, 0xfa, 0x44, 0xc0, 0xfe, 0x54,
  0x33, 0x53, 0x28, 0x45, 0xba, 0x16, 0xe9, 0xce, 0x0b, 0x27, 0xdf, 0x34,
  0x36, 0xb2, 0xfd, 0x02, 0xed, 0xb1, 0x1b, 0xe4, 0xc0, 0x2d, 0xe7, 0xdc,
  0xeb, 0x09, 0x06, 0xc1, 0x2e, 0x14, 0x0c, 0x33, 0x58, 0x10, 0x1f, 0x4e,
  0x29, 0xca, 0x25, 0x35, 0xd7, 0xbc, 0x10, 0xd9, 0xd5, 0x2f, 0xcf, 0x41,
  0x0e, 0xe1, 0x3e, 0xfc, 0x07, 0xe1, 0x59, 0xe6, 0x38, 0xd7, 0x00, 0x7f,
  0x11, 0xbc, 0x22, 0x29, 0x2e, 0xc5, 0xbc, 0x2d, 0xa1, 0x04, 0x39, 0x3d,
  0xa5, 0xfc, 0x22, 0xbc, 0xcb, 0x7b, 0xbd, 0x12, 0xd0, 0x5e, 0x53, 0x97,
  0xff, 0x46, 0x29, 0x65, 0xbb, 0xad, 0xe9, 0x25, 0xd3, 0x3f, 0x0e, 0x7f,
  0xac, 0x2d, 0xbc, 0xb1, 0x3a, 0x48, 0xc3, 0x1c, 0x20, 0x4d, 0xc2, 0x44,
  0xb4, 0xdb, 0x3b, 0x43, 0xc6, 0xb7, 0xa7, 0x2f, 0x1b, 0xba, 0x08, 0x50,
  0xf9, 0x0d, 0xac, 0x00, 0x10, 0xb7, 0x9d, 0x86, 0xef, 0x58, 0xc8, 0xb0,
  0x76, 0xa6, 0x8d, 0xcb, 0xa6, 0x4a, 0x23, 0xd9, 0xc4, 0xdb, 0x5d, 0x81,
  0xf8, 0x9e, 0xb6, 0x91, 0xa2, 0xe8, 0x2f, 0x11, 0xc5, 0xe2, 0xff, 0x3f,
  0x0e, 0xb0, 0x1b, 0xa4, 0x40, 0x88, 0xfb, 0x8d, 0xa1, 0xe0, 0x1c, 0xb1,
  0x0b, 0xe3, 0xc7, 0xcb, 0xf5, 0x27, 0x14, 0x64, 0x8d, 0x00, 0x7d, 0x62,
  0x5c, 0x91, 0x55, 0x01, 0xde, 0xda, 0x1f, 0xa9, 0x9a, 0x2b, 0x19, 0x42,
  0x42, 0xed, 0xdf, 0xf0, 0x3b, 0x68, 0x56, 0x30, 0xd7, 0x1c, 0x0a, 0x5d,
  0x5b, 0xdd, 0xe9, 0x74, 0xc4, 0x65, 0xda, 0xde, 0x05, 0x89, 0x4d, 0x27,
  0x41, 0x31, 0xcf, 0x24, 0xaa, 0x1c, 0x57, 0xce, 0x0b, 0xb6, 0xc5, 0x02,
  0x42, 0xce, 0xce, 0x0f, 0x25, 0xd5, 0xcc, 0x0d, 0x50, 0x3e, 0x3c, 0x6c,
  0x09, 0xaa, 0xda, 0xd7, 0x07, 0x77, 0x3d, 0xb5, 0xcd, 0xc0, 0xe3, 0xf3,
  0xef, 0xd2, 0x35, 0x0e, 0x65, 0xdc, 0xff, 0xf0, 0x79, 0xd7, 0xfb, 0x7f,
  0x56, 0xae, 0xdc, 0xd7, 0xd8, 0x22, 0xed, 0xcb, 0x3b, 0x38, 0xe1, 0xad,
  0x32, 0x92, 0xe5, 0xb1, 0x5e, 0xae, 0x18, 0xe4, 0x26, 0x00, 0xe8, 0x14,
  0xa1, 0x11, 0xf0, 0xd5, 0x65, 0x22, 0xbb, 0xd4, 0xdb, 0xab, 0x89, 0xfd,
  0xae, 0xf9, 0x60, 0x0f, 0xc5, 0xd3, 0x53, 0xdd, 0xbe, 0x63, 0x19, 0xb1,
  0x93, 0x3d, 0x5e, 0xb6, 0xf6, 0xae, 0x16, 0x70, 0x59, 0xfd, 0xda, 0xe2,
  0x8e, 0x81, 0x56, 0x34, 0x71, 0x10, 0xbd, 0xdf, 0x12, 0xee, 0x0a, 0x04,
  0xed, 0x2f, 0x1d, 0xc9, 0xf4, 0x2f, 0xb9, 0xed, 0xc4, 0x16, 0xfd, 0x07,
  0xe9, 0x0a, 0xf6, 0x38, 0x3b, 0x40, 0x4c, 0xf3, 0x39, 0x1e, 0xc9, 0xfd,
  0xe5, 0x2a, 0xc9, 0x10, 0xdb, 0x16, 0xed, 0x22, 0xef, 0x39, 0xfa, 0x20,
  0xd5, 0x2f, 0xbd, 0x34, 0xc6, 0xd1, 0x46, 0x28, 0x01, 0xc2, 0xff, 0x27,
  0x2c, 0xb3, 0xc7, 0xfc, 0xed, 0xc8, 0xf4, 0xf2, 0x03, 0xe0, 0xc7, 0x42,
  0x81, 0x31, 0xe4, 0xb1, 0x46, 0x65, 0xc2, 0x06, 0x96, 0x08, 0x25, 0x5d,
  0xfd, 0x65, 0xc2, 0xcd, 0xac, 0x1d, 0x81, 0x22, 0x25, 0xa9, 0x4d, 0x60,
  0x39, 0xb2, 0xb5, 0x54, 0xc6, 0xde, 0x1d, 0x1f, 0x4d, 0xd7, 0xeb, 0x71,
  0x29, 0xf2, 0xaa, 0xca, 0x6c, 0xea, 0x4e, 0x03, 0x2f, 0x16, 0x62, 0xfe,
  0x39, 0xa6, 0x9a, 0x42, 0x60, 0xf0, 0xb6, 0x16, 0xeb, 0xf1, 0x42, 0xc8,
  0x74, 0xf5, 0xe9, 0x1a, 0x3f, 0xb3, 0x60, 0x18, 0x42, 0xc8, 0xfd, 0x57,
  0x5e, 0x1c, 0x2c, 0x99, 0x3b, 0xc6, 0x07, 0xb9, 0x45, 0x46, 0x57, 0xd8,
  0xa2, 0xe3, 0x9b, 0xec, 0x57, 0x8e, 0xb1, 0x4d, 0x40, 0x00, 0x11, 0x25,
  0xc2, 0xfb, 0xc6, 0x1f, 0xb5, 0x3a, 0x17, 0x50, 0xf3, 0x93, 0xe4, 0xc9,
  0x11, 0x3f, 0x1b, 0x56, 0x67, 0xad, 0xd7, 0x97, 0x22, 0x4f, 0xcb, 0xb4,
  0xf9, 0x5e, 0xd1, 0xea, 0xec, 0x08, 0xa4, 0x62, 0x21, 0x07, 0x21, 0xc0,
  0xd4, 0x81, 0x00, 0x8c, 0xb6, 0xb4, 0x98, 0xd8, 0xb2, 0x15, 0x8a, 0xc2,
  0xbb, 0xd1, 0x81, 0xd1, 0x47, 0xc8, 0x40, 0xf9, 0x19, 0x9c, 0x54, 0xfd,
  0xeb, 0x23, 0x89, 0xa4, 0x36, 0x3b, 0x4a, 0xbf, 0x3b, 0x92, 0x0f, 0x35,
  0xd7, 0xec, 0x4c, 0x8f, 0x15, 0x5c, 0x8c, 0xd5, 0xb5, 0x50, 0x98, 0x41,
  0xcd, 0x0e, 0xe1, 0xfd, 0x07, 0xe4, 0x8e, 0x36, 0x4f, 0x0c, 0x64, 0x97,
  0xbe, 0x53, 0xa0, 0xc4, 0x3f, 0xf9, 0x9e, 0xbd, 0x5f, 0x05, 0xb2, 0xc0,
  0xdf, 0xbb, 0x49, 0x39, 0x31, 0xeb, 0x63, 0xc9, 0x17, 0x81, 0x42, 0x72,
  0x73, 0xd3, 0x48, 0xa6, 0xef, 0x4d, 0xbd, 0x2b, 0xe8, 0x6a, 0xf1, 0xf1,
  0x5c, 0x2b, 0x37, 0xcb, 0xac, 0x21, 0x10, 0x39, 0xde, 0x35, 0x72, 0x15,
  0xcc, 0x23, 0xe3, 0xda, 0x3a, 0x3f, 0x43, 0xc4, 0x1c, 0x2d, 0x54, 0x60,
  0x24, 0xc4, 0x50, 0xe0, 0x33, 0xa6, 0xa7, 0x32, 0x28, 0x45, 0x02, 0xe8,
  0x55, 0xcf, 0xcf, 0x00, 0x00, 0xee, 0xe9, 0x42, 0xf8, 0xee, 0xeb, 0xee,
  0xda, 0x20, 0xb0, 0x3c, 0xf1, 0x3a, 0xd2, 0xdf, 0x2e, 0xc0, 0x2c, 0x54,
  0x67, 0x14, 0xd3, 0xce, 0x55, 0xa9, 0xe6, 0xca, 0x58, 0x32, 0xc0, 0xc7,
  0x3d, 0xb4, 0xb8, 0xb8, 0xeb, 0xca, 0x22, 0xf7, 0xb8, 0xef, 0x56, 0xd6,
  0xc2, 0xd8, 0xc9, 0xe0, 0xbf, 0x4f, 0x3a, 0x38, 0xd3, 0x27, 0xca, 0x11,
  0xf7, 0x3d, 0x60, 0x5e, 0x33, 0xd2, 0x39, 0xbf, 0xf7, 0x35, 0x41, 0xaf,
  0x13, 0x39, 0x3f, 0xeb, 0x81, 0x2d, 0x20, 0x96, 0x2f, 0x48, 0x6b, 0x0d,
  0xbc, 0x93, 0x4a, 0xdb, 0xbb, 0xfd, 0xb4, 0xdb, 0xce, 0x30, 0x0b, 0x31,
  0x69, 0x71, 0x56, 0x35, 0x6a, 0xdc, 0xcd, 0x24, 0x91, 0xc8, 0x3e, 0x9b,
  0xc8, 0x69, 0x68, 0x3b, 0x90, 0x32, 0x26, 0xf3, 0x66, 0x3d, 0xfa, 0xe5,
  0xe1, 0xb3, 0xf6, 0xfe, 0x4f, 0xab, 0x06, 0xe8, 0xff, 0x26, 0xcf, 0x23,
  0x3e, 0x46, 0x39, 0x7f, 0x2b, 0x6d, 0x3b, 0x29, 0x63, 0x40, 0xda, 0xfb,
  0x17, 0x86, 0x4d, 0x4a, 0xf9, 0x23, 0x2e, 0x46, 0xea, 0xcb, 0xcc, 0x60,
  0x16, 0x64, 0x27, 0x39, 0x69, 0xc6, 0xf3, 0xab, 0x36, 0x0c, 0xf5, 0x4c,
  0x39, 0x08, 0xca, 0x46, 0xcd, 0xcf, 0x05, 0xa1, 0x35, 0x51, 0x2e, 0x29,
  0x33, 0x62, 0x0a, 0x03, 0x5b, 0xf9, 0x37, 0xe7, 0x38, 0xdd, 0x5e, 0xff,
  0x0a, 0xed, 0x9a, 0x39, 0x24, 0x05, 0xfc, 0x16, 0x29, 0x1a, 0xf5, 0x10,
  0xc2, 0x1c, 0xad, 0x3c, 0xaf, 0xfe, 0xaa, 0xf7, 0x7f, 0xc5, 0x15, 0x2a,
  0xdc, 0x69, 0x2a, 0x43, 0x36, 0x9d, 0x51, 0xc1, 0x67, 0x2e, 0xf5, 0x3c,
  0x2e, 0x23, 0x39, 0xbd, 0x1a, 0x52, 0x49, 0x25, 0xe5, 0x34, 0xcf, 0xdc,
  0x2d, 0x81, 0x73, 0x2b, 0x3d, 0x00, 0x2f, 0x39, 0x90, 0x28, 0x94, 0x53,
  0x70, 0xd1, 0x28, 0xda, 0xf0, 0xf2, 0x23, 0xcb, 0x11, 0xbc, 0x0b, 0xf5,
  0x5a, 0x93, 0x37, 0xf1, 0x01, 0xbe, 0xb2, 0xdd, 0x08, 0x5d, 0x2f, 0x1d,
  0x61, 0x3b, 0xa3, 0x39, 0x62, 0xe9, 0xf5, 0x0d, 0xfb, 0xaf, 0xb1, 0xd8,
  0xd4, 0xcc, 0xa9, 0xc7, 0x77, 0x10, 0x1f, 0x28, 0x17, 0x09, 0xc6, 0x0a,
  0x07, 0xc0, 0xed, 0x60, 0xce, 0x41, 0x4c, 0x79, 0x4c, 0x02, 0xf2, 0x8b,
  0x03, 0xc2, 0x55, 0x2c, 0xf7, 0x1a, 0x23, 0x25, 0x24, 0x70, 0x7f, 0x14,
  0x4b, 0x54, 0x16, 0x5f, 0x21, 0xb8, 0xe2, 0x84, 0x6c, 0x97, 0x09, 0x8b,
  0x88, 0x23, 0x29, 0x27, 0x70, 0x46, 0xa4, 0x57, 0xcc, 0x27, 0x62, 0x76,
  0xfe, 0x2c, 0x55, 0xe8, 0xc8, 0x99, 0x2e, 0xad, 0x29, 0x3f, 0x50, 0x1a,
  0x36, 0xfa, 0x3a, 0x75, 0x4f, 0x42, 0x46, 0xb4, 0xd3, 0x00, 0xf1, 0xf8,
  0x16, 0xaf, 0xc9, 0x40, 0x6f, 0x9c, 0xd3, 0x0e, 0x23, 0xf7, 0x9c, 0xd4,
  0x2c, 0xb5, 0x53, 0xf0, 0xe2, 0x28, 0x0d, 0x0c, 0xf7, 0x2c, 0xe2, 0xb6,
  0x01, 0xf6, 0x35, 0x00, 0x6a, 0xfd, 0x61, 0x16, 0x15, 0xb8, 0xcf, 0xd5,
  0x15, 0x6e, 0x26, 0x8c, 0xe7, 0xfb, 0x28, 0x81, 0xb4, 0x40, 0x12, 0x83,
  0xc6, 0x45, 0x3d, 0x8d, 0x48, 0xeb, 0xbc, 0x34, 0x18, 0x4d, 0x56, 0x4f,
  0xdd, 0xbe, 0x06, 0x42, 0xe3, 0x96, 0x58, 0x6b, 0x5d, 0x13, 0xc7, 0xd4,
  0xd9, 0xd1, 0xf3, 0xb5, 0x25, 0x7f, 0x20, 0xe5, 0x38, 0xac, 0x2e, 0x01,
  0xfb, 0x6b, 0xf6, 0x14, 0x29, 0x07, 0x44, 0x71, 0xaa, 0x99, 0xeb, 0xaf,
  0xe0, 0xfb, 0xfb, 0xb5, 0xcd, 0xfa, 0xd3, 0xbe, 0x72, 0x0b, 0xe1, 0x3b,
  0xdb, 0xc7, 0x45, 0x58, 0xfd, 0x8e, 0x35, 0x35, 0xfa, 0xcf, 0xdc, 0xea,
  0x0e, 0x5b, 0x4e, 0x2d, 0xd7, 0xd9, 0xd4, 0x4c, 0x21, 0xcf, 0x50, 0xb0,
  0x3c, 0xc1, 0xf6, 0x07, 0x34, 0xd4, 0x46, 0x1f, 0x33, 0x16, 0x39, 0x31,
  0x13, 0xb1, 0xf9, 0xb5, 0x40, 0x00, 0xd1, 0xcd, 0xe2, 0x19, 0x13, 0xd5,
  0x2a, 0xe5, 0xbc, 0x07, 0x2b, 0x18, 0xf6, 0x41, 0xde, 0x4a, 0xf0, 0x56,
  0x45, 0x2e, 0xcb, 0x04, 0xca, 0xad, 0xd7, 0xdf, 0xe9, 0xdb, 0xe3, 0x2e,
  0x81, 0x2a, 0xac, 0x9b, 0x54, 0xce, 0xb6, 0xbd, 0x06, 0xd2, 0xaa, 0xbe,
  0xdb, 0xc8, 0xc4, 0x04, 0x42, 0x20, 0x7e, 0xa4, 0xad, 0xa5, 0x49, 0x05,
  0x56, 0x29, 0x09, 0x5e, 0x69, 0x2d, 0x16, 0xe1, 0x00, 0xcf, 0x11, 0xac,
  0xf4, 0x4b, 0xc0, 0x9c, 0xbd, 0x56, 0xce, 0x05, 0x49, 0x4b, 0x13, 0x64,
  0xf3, 0x1e, 0xd2, 0x0d, 0x7f, 0x0e, 0x52, 0x0d, 0x3e, 0x36, 0x2c, 0xcf,
  0x19, 0x60, 0xf9, 0xb6, 0xc4, 0x50, 0xb6, 0xc7, 0x3a, 0x28, 0x47, 0x0c,
  0xf2, 0xdc, 0x67, 0x59, 0xbe, 0xa6, 0xf9, 0xf1, 0xfe, 0xea, 0x3d, 0x9f,
  0xd0, 0xd6, 0xec, 0x77, 0x21, 0x1c, 0xca, 0x05, 0x3f, 0x13, 0x35, 0xe1,
  0x16, 0xe0, 0x59, 0xff, 0x67, 0x1b, 0x16, 0x0b, 0xa5, 0x04, 0x15, 0x31,
  0x4b, 0x66, 0x17, 0x13, 0x07, 0xc0, 0xca, 0x74, 0x56, 0x0d, 0x0a, 0xfb,
  0x06, 0xde, 0x3f, 0xe0, 0xbb, 0xe3, 0xa8, 0x7f, 0x56, 0xfd, 0x4c, 0x50,
  0x73, 0x46, 0x51, 0x71, 0xf8, 0xc4, 0x31, 0x66, 0x16, 0x5d, 0xc9, 0xd3,
  0xd0, 0x28, 0xab, 0x5e, 0x40, 0xf1, 0xd1, 0x44, 0xd9, 0x58, 0xac, 0x36,
  0x4e, 0x7f, 0x0a, 0x01, 0x5f, 0xcb, 0x47, 0x4b, 0xa6, 0x7b, 0x30, 0x11,
  0x54, 0x03, 0x19, 0x07, 0xe9, 0xbe, 0xd1, 0x6d, 0x1d, 0x36, 0xd4, 0x02,
  0x33, 0xe8, 0x58, 0x54, 0xec, 0xaf, 0x4a, 0xe0, 0xcb, 0xf0, 0xc3, 0x0a,
  0xb9, 0xb7, 0xbf, 0x52, 0x33, 0xed, 0x13, 0xf0, 0x62, 0xd5, 0x32, 0xe7,
  0x21, 0x2a, 0x0c, 0xee, 0xfd, 0x0a, 0x55, 0x3a, 0xe4, 0x8b, 0xcd, 0x39,
  0xe0, 0x3b, 0xbb, 0x51, 0xef, 0x59, 0xe4, 0x78, 0x06, 0xe8, 0x15, 0x52,
  0x62, 0xc6, 0xeb, 0xe1, 0xac, 0x45, 0x68, 0x10, 0x37, 0xf6, 0xb2, 0x6a,
  0x28, 0xb6, 0xbe, 0x7f, 0x59, 0x2f, 0x76, 0xeb, 0xb9, 0x9c, 0x6a, 0x32,
  0x40, 0xc9, 0x39, 0xa6, 0xb4, 0xae, 0xd1, 0xb9, 0x3d, 0x4d, 0x94, 0x10,
  0x7f, 0x2e, 0x26, 0x63, 0x67, 0xf6, 0xf6, 0x7d, 0xfe, 0x32, 0xfc, 0x49,
  0x74, 0x20, 0xf6, 0x5c, 0x35, 0xe3, 0x31, 0x76, 0xc6, 0xe9, 0x64, 0xf5,
  0x09, 0x03, 0x51, 0xfa, 0x69, 0xfb, 0x11, 0x0d, 0x3d, 0xf4, 0x91, 0xee,
  0x53, 0xa1, 0xb4, 0xf0, 0xb0, 0x06, 0x41, 0xea, 0xdd, 0x40, 0xfa, 0xb0,
  0x3c, 0xda, 0xa8, 0x02, 0x7f, 0x4e, 0xe5, 0x72, 0xbb, 0x3d, 0xb1, 0xce,
  0x70, 0xab, 0xee, 0x17, 0xae, 0x58, 0x02, 0x5b, 0x32, 0x73, 0xba, 0xd4,
  0x00, 0xe3, 0x3b, 0xa2, 0x13, 0xab, 0xf0, 0x2b, 0x4d, 0x1e, 0xf8, 0x45,
  0x16, 0x61, 0xbe, 0x4c, 0x70, 0x18, 0xd7, 0x27, 0x02, 0x40, 0xd5, 0xe9,
  0x47, 0x19, 0xe7, 0x4a, 0x5e, 0xc8, 0xda, 0x5f, 0x71, 0xea, 0x0c, 0xa9,
  0x51, 0xf8, 0x09, 0x2e, 0x39, 0x20, 0x74, 0xb6, 0x55, 0x66, 0xd4, 0x5e,
  0xac, 0xeb, 0xf0, 0xed, 0xcd, 0xdc, 0xb1, 0xd7, 0x23, 0x7f, 0xe2, 0x14,
  0x0d, 0x30, 0xca, 0x16, 0xf4, 0x28, 0x07, 0xef, 0x00, 0x9d, 0xab, 0xda,
  0x77, 0x1e, 0xba, 0xea, 0xab, 0x1d, 0xc1, 0x3e, 0xd8, 0x8e, 0xb4, 0x19,
  0x24, 0x28, 0x30, 0x01, 0xf7, 0x4a, 0xba, 0x1e, 0xc3, 0x78, 0x58, 0x73,
  0x16, 0xba, 0x3c, 0x1b, 0x36, 0x7f, 0xf2, 0x3f, 0x5e, 0xbf, 0x69, 0x26,
  0x48, 0x1e, 0xd8, 0x6e, 0xc7, 0x38, 0xdc, 0x0d, 0x53, 0xe8, 0xb7, 0x2c,
  0x00, 0xf3, 0x29, 0x1f, 0xce, 0xd2, 0x9c, 0xf0, 0x09, 0x50, 0x97, 0x5d,
  0xf8, 0x2a, 0xf1, 0x2f, 0x59, 0xfe, 0xc4, 0x28, 0x19, 0xae, 0xad, 0x3d,
  0xfc, 0x2e, 0x04, 0xe3, 0xc1, 0x1f, 0xd3, 0xf1, 0x0c, 0x37, 0xdc, 0x13,
  0x0d, 0xe4, 0x0d, 0x09, 0x3f, 0xe4, 0xf7, 0xeb, 0x25, 0xda, 0x03, 0xda,
  0xd3, 0xef, 0x06, 0x0c, 0x3f, 0xfd, 0x10, 0x26, 0xfe, 0xc9, 0x32, 0x1e,
  0xbb, 0x12, 0x2c, 0xd5, 0xc8, 0x13, 0x16, 0xd2, 0xeb, 0x31, 0x4d, 0xd5,
  0xdf, 0xf5, 0xd2, 0x3a, 0xe8, 0x0b, 0xdb, 0xf7, 0x06, 0x2f, 0x3f, 0xec,
  0xca, 0x05, 0x25, 0xd1, 0xa9, 0x3a, 0x3d, 0x81, 0x65, 0x7f, 0x03, 0xf0,
  0x06, 0xfc, 0x02, 0xf1, 0xd5, 0x77, 0xe4, 0xfc, 0x02, 0x6d, 0x8d, 0x61,
  0x15, 0xe1, 0x1b, 0xc5, 0x44, 0x45, 0xb0, 0x2c, 0x87, 0x1a, 0x1a, 0xf6,
  0xd7, 0x6f, 0x03, 0x14, 0xbe, 0x00, 0x4e, 0xc6, 0x52, 0x02, 0xc1, 0xdf,
  0x71, 0xd2, 0x5f, 0x6e, 0xce, 0xc5, 0x54, 0x9d, 0xc1, 0x61, 0x48, 0xd6,
  0xb8, 0xe4, 0xad, 0xfc, 0x67, 0x66, 0xf6, 0xd3, 0xb6, 0xdc, 0xe7, 0xe5,
  0x6d, 0x93, 0xfd, 0x1b, 0xa5, 0x26, 0x50, 0xf6, 0xc2, 0xb5, 0xf0, 0xf1,
  0x48, 0xd3, 0xe6, 0x8e, 0xa5, 0x52, 0x05, 0x10, 0xf4, 0x4d, 0x04, 0x59,
  0x58, 0x5d, 0xd6, 0x2d, 0xd0, 0x43, 0xfe, 0xd5, 0x34, 0x0b, 0x5c, 0xe1,
  0xfa, 0xd6, 0x3d, 0x1c, 0xab, 0x41, 0xcf, 0x12, 0x1c, 0x03, 0xbb, 0xc1,
  0x47, 0x1a, 0xfd, 0x43, 0xc2, 0x3b, 0xb3, 0x61, 0x56, 0x03, 0xac, 0xfa,
  0xe9, 0xff, 0xf7, 0xcb, 0xfe, 0x44, 0xb9, 0x1a, 0xeb, 0xcd, 0x81, 0x32,
  0x7e, 0x64, 0x0b, 0x21, 0xa2, 0xc3, 0xf2, 0x4e, 0x3f, 0x06, 0x1e, 0xe5,
  0x04, 0xa2, 0xc4, 0x3a, 0x71, 0x06, 0x00, 0xc0, 0x1d, 0xea, 0x95, 0x39,
  0x35, 0xb4, 0x5e, 0xe8, 0x1c, 0x01, 0x1d, 0x1b, 0xc1, 0x31, 0xc3, 0xd5,
  0x77, 0xe3, 0xb1, 0xbf, 0x3a, 0x92, 0xcf, 0x7f, 0x9a, 0xf3, 0xd1, 0x90,
  0x6b, 0xcb, 0xc9, 0x2b, 0xfc, 0xb4, 0xac, 0x71, 0x06, 0x38, 0x26, 0x47,
  0x5c, 0x00, 0x40, 0x6d, 0xef, 0x39, 0x49, 0xf7, 0x13, 0x31, 0xd2, 0xca,
  0x58, 0x7a, 0x93, 0x10, 0xd2, 0xde, 0x78, 0x0a, 0x61, 0x5c, 0x14, 0xb2,
  0x29, 0xde, 0x60, 0x37, 0xf5, 0xa5, 0xa7, 0x48, 0x75, 0xb1, 0xe1, 0x4b,
  0x16, 0x1c, 0x13, 0x0a, 0x1a, 0xb8, 0xdb, 0xdd, 0x5a, 0x20, 0x36, 0x02,
  0xe5, 0xef, 0xe6, 0x9b, 0x2e, 0x61, 0xc1, 0x06, 0xe0, 0x58, 0x6e, 0x1f,
  0x7b, 0x7f, 0x34, 0xf8, 0xb0, 0xc2, 0xdb, 0xbf, 0xab, 0xff, 0x2f, 0x9a,
  0xf7, 0xe5, 0x56, 0x24, 0x3f, 0x17, 0x09, 0xc1, 0x1f, 0x0a, 0xc6, 0x5a,
  0x00, 0xcd, 0x23, 0x4b, 0x12, 0xea, 0x33, 0xdf, 0x1c, 0x95, 0x6f, 0xd9,
  0x18, 0x25, 0x81, 0x3f, 0x45, 0xba, 0xe4, 0xef, 0x97, 0xb2, 0xfb, 0x54,
  0xfc, 0x2f, 0xf0, 0x3e, 0x03, 0x14, 0x25, 0xe8, 0x42, 0xf0, 0x20, 0xbd,
  0xdd, 0x04, 0x04, 0x23, 0x39, 0xb7, 0x61, 0xa6, 0x66, 0x20, 0x5e, 0x25,
  0xc6, 0x6a, 0x8f, 0xb0, 0xde, 0xbf, 0xef, 0x87, 0xb4, 0xde, 0xc1, 0xe8,
  0x04, 0xb5, 0x7d, 0xa2, 0xdc, 0x0e, 0xd8, 0xc3, 0x99, 0xeb, 0xf8, 0xaf,
  0x9c, 0xb5, 0xbf, 0xd7, 0xb4, 0xab, 0xb1, 0x7f, 0x97, 0x5b, 0xdf, 0x2e,
  0x51, 0x7a, 0x21, 0xa4, 0x0a, 0xee, 0x28, 0x99, 0xc6, 0x13, 0xf3, 0xac,
  0xb6, 0x91, 0xf0, 0xdf, 0xc1, 0x5d, 0x07, 0x57, 0xfa, 0xf4, 0xd4, 0x23,
  0x58, 0xe5, 0xb1, 0x79, 0x26, 0x4c, 0x0f, 0xe4, 0xda, 0x17, 0xe6, 0x63,
  0x28, 0x10, 0x1c, 0x49, 0x78, 0xc1, 0x8e, 0xf7, 0x7e, 0xd7, 0xff, 0xff,
  0x04, 0x00, 0x00, 0x00, 0x60, 0x00, 0x00, 0x00, 0x5a, 0xed, 0x68, 0x46,
  0x98, 0x94, 0x7f, 0x2a, 0xf6, 0x54, 0x9b, 0x65, 0xf0, 0xf2, 0x4c, 0x02,
  0x6d, 0x9c, 0x23, 0x4b, 0x56, 0x5d, 0x08, 0x4b, 0x10, 0xb0, 0x58, 0x04,
  0x42, 0x23, 0x20, 0x04, 0xab, 0x7e, 0x36, 0xc2, 0xa3, 0x7e, 0xeb, 0x9f,
  0x4f, 0x4e, 0xea, 0x33, 0x81, 0xe4, 0x0e, 0x3c, 0xca, 0xed, 0xd7, 0x3f,
  0x5a, 0x42, 0x81, 0xd8, 0x2c, 0x6c, 0xa8, 0x4b, 0x0e, 0xfa, 0xa8, 0xc3,
  0xf0, 0xea, 0xf8, 0x5c, 0x15, 0x1d, 0xf0, 0x5a, 0x31, 0x0f, 0x57, 0xe3,
  0xd8, 0xe1, 0x21, 0x7f, 0x15, 0x0c, 0x79, 0xbd, 0xb7, 0x8c, 0xf7, 0x60,
  0x82, 0x18, 0xd6, 0xcc, 0xc6, 0x67, 0x4d, 0x61, 0xea, 0xd7, 0xff, 0xff,
  0x04, 0x00, 0x00, 0x00, 0x70, 0x00, 0x00, 0x00, 0x64, 0x8d, 0x9d, 0xcc,
  0xfd, 0xdf, 0x7f, 0x2f, 0xb1, 0xf7, 0x47, 0x4b, 0x7f, 0x6f, 0xd9, 0x09,
  0xc4, 0x3a, 0xef, 0x81, 0xc1, 0x7f, 0xb7, 0xc7, 0x12, 0xf4, 0xca, 0x93,
  0x89, 0x8c, 0x49, 0x86, 0x5f, 0xba, 0x7f, 0x3e, 0x7a, 0x96, 0x81, 0x6e,
  0x8f, 0x6f, 0x7f, 0x7c, 0x47, 0x68, 0x36, 0x63, 0x11, 0x81, 0xa1, 0x12,
  0x53, 0x60, 0x60, 0xb5, 0x06, 0x68, 0x81, 0xed, 0x60, 0x19, 0x99, 0x3a,
  0x81, 0x1f, 0xcb, 0xb1, 0x23, 0x71, 0x81, 0x04, 0xdb, 0x95, 0x38, 0x1b,
  0x87, 0x01, 0x2f, 0x07, 0xd2, 0x81, 0x01, 0x96, 0x41, 0xf5, 0x50, 0x46,
  0x7f, 0x11, 0x58, 0xe6, 0xaa, 0xf8, 0x58, 0x2f, 0x81, 0xd9, 0xd5, 0xb6,
  0x1e, 0xe2, 0x1b, 0x7f, 0x87, 0x6f, 0x7f, 0xb6, 0x3b, 0xae, 0xe1, 0x32,
  0x66, 0xd8, 0xff, 0xff, 0x04, 0x00, 0x00, 0x00, 0x00, 0x0a, 0x00, 0x00,
  0x5d, 0x38, 0x0f, 0x12, 0xde, 0xa7, 0xbc, 0xa6, 0x14, 0x14, 0xf5, 0xd5,
  0x15, 0xfd, 0x10, 0xf4, 0xc5, 0x3a, 0x48, 0xed, 0xe7, 0x10, 0xbd, 0xe8,
  0xbc, 0x30, 0xc7, 0xc5, 0xb4, 0xde, 0x13, 0x17, 0xd9, 0x33, 0xf4, 0xad,
  0xd5, 0xdb, 0xb1, 0xee, 0x81, 0xc6, 0x12, 0x2b, 0x44, 0xb0, 0xf5, 0xdc,
  0xca, 0x19, 0x01, 0x17, 0xf1, 0x3a, 0xe4, 0x02, 0x8a, 0x29, 0xf5, 0xc0,
  0x4b, 0x0e, 0x3a, 0xa1, 0x4c, 0x06, 0xd2, 0x0c, 0x2b, 0xb3, 0x32, 0xc0,
  0xde, 0xb2, 0x42, 0xe4, 0x1c, 0x0a, 0xf8, 0xcf, 0xfa, 0x2d, 0x2b, 0xd8,
  0xdc, 0xc9, 0xf4, 0xcd, 0x81, 0xcd, 0xe3, 0xf8, 0x15, 0xc3, 0xec, 0x99,
  0xdc, 0xbf, 0x57, 0x0f, 0x8e, 0x96, 0xbd, 0x0f, 0xa6, 0xba, 0x00, 0x9c,
  0xad, 0x20, 0xaa, 0x87, 0x0a, 0xd6, 0x0b, 0x38, 0xdc, 0xcf, 0xde, 0xd7,
  0xaa, 0x45, 0xac, 0xab, 0xf2, 0x1d, 0x20, 0xcb, 0xc4, 0x2b, 0xf1, 0xd6,
  0xbb, 0xe1, 0x24, 0x47, 0xee, 0xc1, 0x06, 0x30, 0x11, 0x5a, 0x69, 0x23,
  0x2e, 0x57, 0xe0, 0x4b, 0x52, 0x58, 0x40, 0x10, 0x30, 0x36, 0xf9, 0x47,
  0x31, 0xf7, 0xff, 0xc7, 0x30, 0xbb, 0xf2, 0xee, 0xe2, 0x01, 0xd0, 0x87,
  0xef, 0xb3, 0xe3, 0xae, 0xcd, 0xac, 0xb7, 0xb9, 0xa6, 0xcf, 0xe3, 0xa4,
  0xbe, 0x14, 0xef, 0x2e, 0x22, 0xcf, 0xa3, 0x93, 0xfc, 0x3b, 0x34, 0xc5,
  0xd4, 0xcd, 0x0f, 0xca, 0x39, 0x59, 0x25, 0xc9, 0xc9, 0xeb, 0xed, 0x28,
  0x4b, 0xf1, 0xa9, 0xf0, 0xfb, 0x6c, 0x60, 0xf2, 0xfb, 0x14, 0xbf, 0xb8,
  0xb9, 0x20, 0x79, 0x17, 0x01, 0xdc, 0xc4, 0x58, 0xec, 0x10, 0xcd, 0xb1,
  0x18, 0x39, 0x03, 0x78, 0xdf, 0xe5, 0xcd, 0x18, 0x07, 0xa9, 0x81, 0xff,
  0x42, 0x9d, 0xd8, 0x25, 0x24, 0xff, 0x5a, 0x0c, 0xd0, 0x27, 0xcd, 0xde,
  0x48, 0x3c, 0x5c, 0x28, 0x16, 0xa2, 0xdd, 0x31, 0x91, 0x6a, 0x52, 0xdc,
  0xc0, 0xe3, 0x6a, 0xa5, 0xb8, 0x61, 0x28, 0x25, 0x3b, 0x17, 0x66, 0x36,
  0x81, 0xf2, 0xbc, 0xd6, 0xed, 0x07, 0x9f, 0xdf, 0xaa, 0x07, 0x26, 0xf0,
  0xa3, 0x50, 0x54, 0xb4, 0x3a, 0xc5, 0xbc, 0xab, 0x9f, 0xdf, 0x72, 0x31,
  0x58, 0xb4, 0x4d, 0x2a, 0xa5, 0xa4, 0x26, 0x53, 0x27, 0x21, 0xaa, 0x50,
  0xed, 0x21, 0xcc, 0x2c, 0x4b, 0x62, 0xcc, 0x12, 0x33, 0xaa, 0x2d, 0x08,
  0xd8, 0x4c, 0x18, 0xce, 0xa9, 0x27, 0x18, 0x24, 0x40, 0x4c, 0xe9, 0x21,
  0x4c, 0x20, 0xad, 0xe6, 0x3e, 0x3b, 0xd5, 0x00, 0x30, 0x35, 0x53, 0x20,
  0xe4, 0x03, 0x45, 0xdf, 0x22, 0xba, 0x4b, 0xdd, 0x48, 0x98, 0xe3, 0x15,
  0x19, 0x97, 0x0c, 0xf2, 0xb8, 0xe6, 0xd4, 0x42, 0x4e, 0x9b, 0xfe, 0xd9,
  0x4d, 0xa8, 0x2a, 0xdb, 0xbf, 0xc9, 0xd2, 0x0f, 0xfd, 0xa3, 0xb1, 0xac,
  0xe2, 0xae, 0x39, 0x81, 0xdd, 0xaf, 0xce, 0xac, 0xcf, 0xd2, 0xae, 0x24,
  0xba, 0xe5, 0xaf, 0xb4, 0xa9, 0xcf, 0xd4, 0xe0, 0x09, 0x3a, 0x22, 0xfb,
  0x11, 0x81, 0x26, 0x34, 0xec, 0x0a, 0xea, 0xdf, 0x30, 0xe3, 0xc7, 0x34,
  0x9c, 0x0b, 0xf7, 0xb2, 0xc7, 0x2c, 0xbc, 0xcf, 0xd7, 0x1f, 0x17, 0xbf,
  0x22, 0x19, 0xd7, 0x00, 0x49, 0x31, 0x18, 0xee, 0x8e, 0xa6, 0x34, 0xee,
  0xd9, 0x28, 0xbe, 0xc3, 0xd4, 0x0d, 0xe8, 0x53, 0x52, 0x4e, 0xac, 0xef,
  0x19, 0xfa, 0xf9, 0xe3, 0x23, 0xd6, 0xad, 0xce, 0x07, 0xc9, 0x10, 0xe6,
  0x31, 0x3b, 0x07, 0xd6, 0xab, 0xd5, 0xb9, 0xbf, 0xdd, 0x1d, 0xfc, 0xc0,
  0x23, 0xb5, 0x7e, 0x2d, 0xfe, 0xa4, 0x86, 0xe7, 0xc6, 0xee, 0xa8, 0xf6,
  0x98, 0x5f, 0xeb, 0x09, 0xfc, 0x55, 0x7d, 0xee, 0xc2, 0xef, 0xfa, 0x0e,
  0x32, 0xea, 0xbd, 0xfd, 0xe8, 0x29, 0x5b, 0x02, 0x4b, 0xaf, 0x6a, 0x24,
  0x15, 0x39, 0x0d, 0xf0, 0x20, 0x4d, 0xb1, 0x04, 0xfd, 0x36, 0x76, 0x35,
  0x60, 0xbc, 0x55, 0x44, 0x2f, 0xac, 0xea, 0x61, 0x7f, 0x22, 0xc5, 0xc4,
  0x2a, 0x2c, 0x46, 0x05, 0xbd, 0x49, 0xc9, 0x58, 0x17, 0xec, 0x5e, 0xc7,
  0x0e, 0x20, 0xe6, 0x4b, 0x05, 0xf2, 0xac, 0x11, 0xf0, 0xe2, 0x13, 0xfd,
  0xd5, 0x37, 0x2c, 0xea, 0x0b, 0x81, 0xe5, 0x20, 0x1c, 0xe3, 0xf2, 0x1f,
  0xbc, 0x18, 0xc3, 0x48, 0xae, 0xd1, 0x02, 0xb5, 0xfa, 0xbc, 0x38, 0xe4,
  0xc6, 0xbd, 0xd2, 0x0d, 0xc8, 0x18, 0x41, 0xe5, 0xb5, 0x4a, 0xbf, 0x17,
  0x0f, 0x98, 0xd9, 0xe4, 0xbd, 0x0f, 0xf0, 0x14, 0x17, 0xdc, 0x27, 0xbc,
  0x32, 0x32, 0xea, 0xcd, 0xd5, 0x0c, 0x33, 0x48, 0x44, 0x19, 0xca, 0x0f,
  0xfb, 0xbe, 0x3b, 0x1a, 0xd5, 0x44, 0x0f, 0x12, 0x30, 0xec, 0x17, 0x40,
  0xde, 0x2d, 0x21, 0xda, 0x9a, 0xcb, 0x9e, 0x73, 0xb3, 0x47, 0x13, 0x5a,
  0xe0, 0xc8, 0x05, 0xe5, 0xf8, 0x61, 0xe6, 0x1e, 0x6e, 0x4a, 0xa5, 0xc6,
  0x1d, 0xf6, 0xd3, 0xdd, 0x3b, 0xc9, 0xbf, 0x20, 0xc8, 0x83, 0xcf, 0x68,
  0x6d, 0xae, 0x95, 0x5e, 0x9d, 0x30, 0x49, 0xb6, 0xd2, 0x13, 0xd9, 0x15,
  0xcb, 0xca, 0x50, 0x17, 0x5b, 0xf3, 0xf3, 0xd6, 0xf0, 0xfc, 0x24, 0xaf,
  0x65, 0x2c, 0x63, 0xa0, 0xdb, 0xb5, 0xfc, 0x18, 0x48, 0x04, 0x18, 0x29,
  0xb7, 0x7f, 0x30, 0x22, 0x3e, 0xed, 0xd0, 0x3b, 0x91, 0xc9, 0x38, 0xa4,
  0xeb, 0x5d, 0xfb, 0xe1, 0xce, 0x36, 0xec, 0x6c, 0x52, 0xc4, 0x3a, 0x56,
  0x46, 0x62, 0xaf, 0xb4, 0xea, 0xa4, 0x34, 0xfe, 0x5d, 0x9c, 0xdd, 0x7f,
  0x30, 0xc3, 0xc6, 0x5d, 0xb6, 0x6d, 0xd6, 0x42, 0xef, 0x57, 0x6f, 0x05,
  0x07, 0x0c, 0x9e, 0x42, 0x90, 0x43, 0x69, 0xb7, 0x6d, 0xe4, 0x1b, 0xcd,
  0x44, 0xb6, 0xf2, 0x9d, 0x05, 0x1a, 0x6f, 0x57, 0x83, 0xa4, 0xcb, 0x63,
  0xd2, 0xe9, 0x41, 0xa3, 0x54, 0x15, 0xc0, 0x49, 0x68, 0xeb, 0xed, 0x37,
  0xb9, 0x75, 0xbb, 0xed, 0x4e, 0x5e, 0xdd, 0xf6, 0xa8, 0xf1, 0x16, 0xa1,
  0x95, 0x2c, 0x0c, 0xc3, 0xe6, 0x0b, 0x2b, 0x15, 0x0a, 0xd0, 0xdf, 0xae,
  0x83, 0xd7, 0xe8, 0x3a, 0x9d, 0xba, 0x14, 0x98, 0x4d, 0x3c, 0x81, 0x08,
  0xe3, 0x04, 0xe2, 0xc7, 0xda, 0xd9, 0xbc, 0x32, 0xb0, 0x9d, 0xf3, 0xb9,
  0x08, 0xd3, 0x91, 0x5c, 0xc2, 0x61, 0xaf, 0x14, 0x31, 0x4e, 0xf7, 0x11,
  0x0f, 0x3e, 0xd4, 0x44, 0xf6, 0x1f, 0x70, 0x46, 0xb0, 0xb7, 0xdd, 0x29,
  0x08, 0xf2, 0xb4, 0x04, 0x2b, 0xcd, 0xb6, 0x97, 0x3f, 0x3f, 0xce, 0xdd,
  0x4a, 0xf3, 0xde, 0x39, 0xff, 0x25, 0x58, 0xd8, 0xd5, 0x05, 0xef, 0x07,
  0xdc, 0xe3, 0x34, 0x0a, 0xc6, 0x1e, 0xc7, 0xa7, 0xe2, 0x8e, 0x53, 0x55,
  0x61, 0xb1, 0x23, 0xa2, 0x05, 0xcb, 0x9e, 0x33, 0x2e, 0xfd, 0xa9, 0xaa,
  0x56, 0x95, 0xb1, 0x4c, 0x0e, 0x1d, 0x4b, 0xbe, 0x4f, 0x19, 0x1c, 0x02,
  0xe2, 0x0e, 0x5d, 0x20, 0x10, 0xfb, 0x95, 0xdd, 0x1d, 0x11, 0x8d, 0x3c,
  0xb8, 0x00, 0x42, 0x22, 0xba, 0x3b, 0xb4, 0x8e, 0xc4, 0xef, 0x31, 0x18,
  0xd3, 0x81, 0x01, 0x38, 0x90, 0x22, 0xe0, 0x1d, 0xe6, 0xd9, 0x42, 0x3c,
  0xfa, 0x1b, 0x49, 0xf1, 0xf5, 0x52, 0x05, 0xee, 0x5b, 0x14, 0x1c, 0x43,
  0xbd, 0x06, 0x10, 0xd5, 0xe1, 0xee, 0x37, 0x45, 0xc7, 0xeb, 0xd7, 0x49,
  0xbf, 0x00, 0xbf, 0xff, 0xf0, 0x4c, 0x4e, 0x34, 0xf0, 0x45, 0xc9, 0xdc,
  0xec, 0xe9, 0xe4, 0x08, 0xda, 0xa5, 0x23, 0x3d, 0x3e, 0x17, 0x36, 0xa5,
  0xa2, 0x26, 0x13, 0xe0, 0x18, 0xa0, 0x3b, 0x1f, 0x39, 0x2c, 0x4c, 0xd9,
  0xa8, 0xfc, 0xbc, 0x2a, 0x3b, 0xd3, 0xec, 0x4f, 0xfc, 0x2d, 0xc3, 0x81,
  0xf4, 0xc3, 0xde, 0xf8, 0xdc, 0x33, 0x29, 0xe5, 0x09, 0x5f, 0xba, 0x94,
  0x49, 0xbb, 0xd8, 0xf0, 0xcc, 0xcf, 0xe2, 0xdb, 0x2d, 0x1e, 0xd1, 0x3c,
  0x90, 0x9a, 0x2c, 0x9e, 0x98, 0x7a, 0xd1, 0x41, 0x9a, 0x0c, 0x07, 0x0c,
  0x97, 0x49, 0x23, 0x14, 0x2e, 0xc1, 0x81, 0x04, 0x8f, 0xc4, 0xae, 0xbe,
  0x97, 0x66, 0xd0, 0x84, 0x24, 0xc0, 0x1a, 0x47, 0x3f, 0x26, 0xcb, 0x96,
  0xa6, 0x5b, 0x14, 0xd4, 0xfb, 0xeb, 0x3b, 0x2a, 0x66, 0x09, 0xc1, 0x03,
  0x16, 0x0a, 0xb7, 0xa9, 0x2a, 0xb1, 0x07, 0xc3, 0xce, 0xe1, 0x8c, 0xf7,
  0x16, 0xa2, 0xea, 0x4f, 0x12, 0xad, 0x01, 0xa3, 0xe9, 0x13, 0xda, 0xfd,
  0xfe, 0x6e, 0x26, 0x12, 0x30, 0x66, 0xb4, 0x51, 0x04, 0xa9, 0x13, 0xb2,
  0xd5, 0x37, 0x66, 0x30, 0x06, 0x47, 0x46, 0xfa, 0x32, 0x1d, 0x55, 0xae,
  0xd7, 0x1a, 0xb7, 0xf9, 0x4a, 0x00, 0x62, 0xdd, 0x5a, 0x29, 0x26, 0xf4,
  0xfa, 0x48, 0xac, 0x3a, 0xaa, 0x19, 0x17, 0xa7, 0x4a, 0xf4, 0x9a, 0x14,
  0x3c, 0xbb, 0x09, 0xd4, 0xfc, 0xd8, 0x1e, 0x47, 0x47, 0x5b, 0x34, 0xd6,
  0xa2, 0x7f, 0x37, 0x1b, 0x06, 0xb9, 0xc5, 0xcd, 0x47, 0xda, 0xca, 0x2a,
  0x98, 0xb2, 0x99, 0xe2, 0xe7, 0x1e, 0xa9, 0x83, 0x46, 0x0b, 0xf7, 0xfa,
  0xc6, 0xfc, 0xdb, 0xb9, 0xa3, 0x07, 0xe6, 0x5c, 0xf8, 0x7f, 0x84, 0x9d,
  0xf1, 0x50, 0xd4, 0x03, 0x14, 0x61, 0xfc, 0xfd, 0xdc, 0xd1, 0xdd, 0x67,
  0x3e, 0x2a, 0x62, 0xc9, 0x29, 0x14, 0x64, 0xd4, 0xda, 0xfa, 0x24, 0x32,
  0x5f, 0x1f, 0xfd, 0xd4, 0x02, 0x0a, 0xee, 0x32, 0xae, 0xe1, 0x13, 0x5d,
  0x65, 0x06, 0xaa, 0xe6, 0x03, 0x08, 0xca, 0xe2, 0x4e, 0x2a, 0xd6, 0x58,
  0xc9, 0x08, 0x0f, 0xac, 0x12, 0x11, 0xcc, 0x97, 0x47, 0xd0, 0x3d, 0x15,
  0xc1, 0x0a, 0x19, 0x40, 0xa5, 0xe7, 0x25, 0x7f, 0x1c, 0x00, 0x42, 0x75,
  0x0f, 0x6c, 0x55, 0xa3, 0x48, 0x46, 0xef, 0x56, 0xa9, 0x9e, 0x75, 0x2a,
  0x64, 0xaf, 0x49, 0x4b, 0xd3, 0x30, 0xbf, 0xf9, 0x3f, 0xe4, 0x24, 0x90,
  0xec, 0xb8, 0xfd, 0xfe, 0xde, 0x7d, 0x30, 0x38, 0x21, 0x5c, 0xc3, 0x7a,
  0xe8, 0xe8, 0x33, 0x54, 0x32, 0xdf, 0xf9, 0xd9, 0xbb, 0x1d, 0xb0, 0x1b,
  0x4b, 0x10, 0xb2, 0xb8, 0xba, 0xf8, 0x6a, 0x22, 0xb1, 0x4e, 0x02, 0x28,
  0x32, 0x42, 0x63, 0x14, 0x53, 0xc6, 0xf9, 0x5b, 0xf0, 0x6a, 0xe0, 0x24,
  0x13, 0x0e, 0x14, 0x4e, 0x99, 0xc7, 0x76, 0xc8, 0x26, 0x0d, 0xf9, 0xd4,
  0x45, 0xca, 0x51, 0x5a, 0x93, 0x32, 0x2b, 0xd3, 0x99, 0xce, 0x37, 0x12,
  0xe9, 0xb0, 0x24, 0xa5, 0x4d, 0xbd, 0xe0, 0x48, 0x81, 0x9f, 0xdf, 0x63,
  0xdc, 0x14, 0x28, 0x45, 0xed, 0x2c, 0xf4, 0x1d, 0xa1, 0x0a, 0x0c, 0x8e,
  0x36, 0xed, 0xf8, 0xa8, 0x29, 0xd4, 0x46, 0xd0, 0x82, 0xdd, 0x87, 0xb5,
  0x16, 0xa0, 0xa9, 0xe7, 0x21, 0x47, 0x9c, 0x47, 0xee, 0xe9, 0x21, 0xa3,
  0xaf, 0x3b, 0x4f, 0x81, 0xd4, 0x29, 0x9f, 0x21, 0x74, 0xe7, 0xeb, 0x1a,
  0x4f, 0xe6, 0x8b, 0x1f, 0xba, 0x3c, 0xce, 0x3a, 0x48, 0xae, 0x4d, 0xbc,
  0x05, 0x40, 0xfe, 0xbf, 0xf6, 0xd2, 0x4f, 0x11, 0x24, 0xa3, 0x9f, 0x87,
  0x00, 0x35, 0xbb, 0x55, 0x0a, 0xb5, 0xca, 0x0a, 0x44, 0x2e, 0xa5, 0xbf,
  0x00, 0x9b, 0xde, 0x27, 0xa5, 0x3b, 0xef, 0xa9, 0xf6, 0x39, 0x28, 0x31,
  0xd6, 0x8d, 0x4f, 0x29, 0xa5, 0x76, 0x97, 0x52, 0x42, 0x3e, 0x13, 0xde,
  0x95, 0x43, 0x22, 0x28, 0xb7, 0x99, 0xf7, 0xbb, 0xf7, 0x2a, 0x46, 0x35,
  0x8c, 0xa7, 0xb6, 0x75, 0x52, 0xee, 0xc9, 0x62, 0x85, 0xde, 0x18, 0xbd,
  0xdb, 0x9b, 0xd7, 0x4c, 0xbe, 0xdf, 0xa8, 0xee, 0x51, 0xef, 0xb1, 0x22,
  0xd0, 0x00, 0xbd, 0xa7, 0xd6, 0x19, 0x48, 0x95, 0xf9, 0x15, 0xfc, 0xa7,
  0x32, 0x25, 0xe4, 0x46, 0x3b, 0x53, 0x08, 0xba, 0x4e, 0xd8, 0x4a, 0x88,
  0x0d, 0xd6, 0xd3, 0x19, 0xea, 0x8e, 0xa5, 0x95, 0x56, 0xc9, 0xcb, 0xa5,
  0x51, 0x04, 0xef, 0x81, 0x49, 0xa3, 0xc6, 0x6d, 0x04, 0xd3, 0x39, 0x2e,
  0x5e, 0x9a, 0xdc, 0x9d, 0x38, 0x65, 0x44, 0xce, 0x2a, 0xfb, 0x16, 0xa1,
  0xd1, 0x0a, 0xfa, 0xdb, 0x56, 0xfe, 0xa0, 0xdb, 0x33, 0xe6, 0x31, 0x09,
  0x42, 0x95, 0xbb, 0x48, 0xaa, 0x90, 0x30, 0xdf, 0x51, 0x3c, 0xba, 0x9f,
  0xff, 0x3d, 0x2f, 0xdf, 0xa6, 0x27, 0x11, 0xb7, 0x5f, 0x05, 0xcf, 0xbe,
  0xe6, 0xf1, 0xb3, 0xb6, 0x5e, 0xe5, 0x1a, 0x09, 0x2d, 0x32, 0x5d, 0xcd,
  0xeb, 0xba, 0x27, 0xea, 0xad, 0x4d, 0x6a, 0xa7, 0xb0, 0x81, 0x0f, 0x3e,
  0x53, 0x24, 0x10, 0xe8, 0x3c, 0x45, 0x1c, 0xf6, 0xa9, 0x45, 0x07, 0x27,
  0x44, 0x0c, 0xec, 0x2f, 0x2f, 0xbe, 0x28, 0xe9, 0x1c, 0xf0, 0xbf, 0x14,
  0xba, 0x2b, 0x2a, 0xa5, 0xf5, 0x3b, 0xc7, 0x26, 0xfc, 0xf9, 0xb9, 0x45,
  0xa4, 0x2d, 0xce, 0x3e, 0x30, 0xf1, 0xfd, 0x20, 0xf7, 0xae, 0x00, 0x5f,
  0xf5, 0xea, 0x1e, 0x0a, 0xc5, 0x4c, 0xda, 0x41, 0xbf, 0xd2, 0xb9, 0xc6,
  0x44, 0x3f, 0xf3, 0xff, 0xe6, 0x29, 0xba, 0x00, 0x2b, 0xd8, 0x26, 0xf0,
  0xc5, 0xcc, 0x43, 0x48, 0xe3, 0x20, 0xc7, 0xd6, 0xfb, 0x5b, 0xe9, 0x44,
  0x81, 0xd2, 0x49, 0x39, 0x02, 0x53, 0x48, 0x4b, 0x05, 0x2b, 0xc8, 0xf8,
  0x37, 0x2c, 0xa4, 0x42, 0xc3, 0x94, 0xd9, 0x27, 0x3e, 0x1a, 0x6b, 0xe0,
  0xf4, 0x89, 0xf0, 0xb1, 0xa5, 0x37, 0x13, 0xd4, 0x57, 0x9e, 0x56, 0x5d,
  0x38, 0x20, 0x53, 0x38, 0xfc, 0x1e, 0x14, 0x28, 0xfb, 0xec, 0xb5, 0xb2,
  0x30, 0x81, 0x0d, 0x45, 0x26, 0xd5, 0xfa, 0x40, 0xf5, 0xd9, 0x9a, 0xc3,
  0x46, 0x9f, 0x12, 0xc3, 0x5c, 0xa8, 0xa2, 0xdb, 0x47, 0x59, 0xca, 0x1c,
  0x31, 0xa9, 0xc8, 0xd2, 0x40, 0x9e, 0x59, 0xc0, 0x20, 0x69, 0x00, 0xd8,
  0x0c, 0x98, 0x15, 0xf2, 0x6d, 0x3b, 0x24, 0xb7, 0xa2, 0x43, 0x84, 0xed,
  0x2b, 0x7f, 0xc1, 0x93, 0x4e, 0xbd, 0xf6, 0xf6, 0x38, 0xfc, 0x31, 0x24,
  0x53, 0x99, 0x15, 0x6b, 0x6c, 0x67, 0x6a, 0x25, 0x14, 0x6a, 0xf9, 0xd3,
  0xc3, 0x05, 0xe6, 0x98, 0x1a, 0xb2, 0xa6, 0xef, 0x9e, 0x4c, 0x4b, 0xbe,
  0xda, 0x2d, 0xb6, 0x6b, 0xc2, 0x09, 0xa4, 0xeb, 0x22, 0xcd, 0x1a, 0x1d,
  0x23, 0x13, 0xe6, 0x1a, 0x29, 0xe1, 0xd3, 0x5a, 0x58, 0x53, 0x9e, 0xf9,
  0x47, 0xce, 0x52, 0x18, 0x01, 0x3b, 0x23, 0xc1, 0x9c, 0x95, 0xae, 0xc2,
  0x25, 0x0e, 0xf5, 0x21, 0xf8, 0x3e, 0xb6, 0x81, 0x1a, 0xe9, 0x4e, 0x99,
  0xf8, 0xfb, 0x28, 0x6a, 0xa6, 0xa8, 0xf3, 0x0e, 0xae, 0xbf, 0xc8, 0x40,
  0x36, 0xf2, 0x3b, 0x92, 0xcf, 0xbc, 0xd6, 0x4a, 0x34, 0xa6, 0x30, 0x94,
  0xbf, 0x07, 0x43, 0xeb, 0x56, 0x2f, 0x01, 0x47, 0x1e, 0xc0, 0xc5, 0xee,
  0xf2, 0xfe, 0xbc, 0xf1, 0x54, 0xc1, 0xea, 0x4d, 0x20, 0x97, 0x49, 0x1d,
  0x25, 0xe7, 0xa5, 0xe6, 0x42, 0x2e, 0x8d, 0xe2, 0x2d, 0x28, 0xbb, 0xac,
  0xf4, 0xf2, 0xae, 0x38, 0x54, 0xcb, 0x97, 0xef, 0x63, 0x7f, 0xc3, 0xc8,
  0x58, 0x0d, 0xd5, 0x88, 0xc1, 0x20, 0x6a, 0x35, 0x0f, 0x9c, 0x59, 0x52,
  0xd7, 0x3f, 0x7e, 0x59, 0x38, 0x5a, 0x0e, 0x49, 0xe3, 0xd7, 0x5c, 0xb7,
  0x1d, 0x6e, 0x1c, 0x35, 0x24, 0x04, 0x6b, 0xa1, 0x55, 0x4b, 0x27, 0x09,
  0x9d, 0x0f, 0xd3, 0x6c, 0x39, 0x5f, 0xc4, 0x43, 0x1c, 0xe0, 0xbf, 0xf2,
  0x42, 0x11, 0xef, 0xdf, 0xfe, 0x14, 0x24, 0x7f, 0x60, 0xe6, 0xd5, 0x5b,
  0x77, 0x43, 0x70, 0x12, 0x62, 0x4f, 0xd4, 0x24, 0x12, 0xcf, 0x24, 0xda,
  0xae, 0x6a, 0x74, 0xec, 0xf2, 0x19, 0x92, 0xe5, 0x4d, 0x15, 0x1e, 0xce,
  0x1b, 0xec, 0xc3, 0x0e, 0xc9, 0x92, 0xaa, 0x48, 0xfb, 0x15, 0xfb, 0x9f,
  0xdd, 0xd4, 0xe9, 0xb9, 0x0a, 0x91, 0xea, 0x3c, 0xce, 0x0d, 0xf5, 0x36,
  0x05, 0xc1, 0x55, 0x67, 0x81, 0xae, 0xc6, 0xc1, 0x6c, 0x16, 0x04, 0xe8,
  0x0e, 0xf0, 0x90, 0xa4, 0x4d, 0x13, 0xa6, 0x39, 0x90, 0xd0, 0xf8, 0xcb,
  0xfa, 0xc5, 0x25, 0x12, 0xef, 0xa2, 0x43, 0x3f, 0x32, 0xc0, 0xd5, 0x73,
  0xef, 0x0d, 0xd7, 0x2d, 0x93, 0x6c, 0xb5, 0x46, 0x32, 0xcd, 0xde, 0xbe,
  0xc2, 0xc3, 0x3d, 0xcc, 0xb8, 0x6e, 0x93, 0x01, 0x07, 0x5f, 0xf0, 0xf9,
  0x9c, 0xde, 0xb8, 0x06, 0x93, 0xd7, 0x9b, 0xc1, 0x9d, 0x0d, 0x95, 0xb1,
  0xd3, 0xe7, 0xe7, 0xa3, 0x46, 0xfb, 0x03, 0x07, 0x12, 0x9f, 0x51, 0x35,
  0xdd, 0x39, 0xed, 0xab, 0xbf, 0x05, 0xe4, 0xcd, 0xf4, 0x4d, 0x2a, 0x2a,
  0xf0, 0xa0, 0x43, 0x2f, 0xbe, 0x1f, 0x0d, 0x2f, 0x36, 0xcd, 0x4f, 0x18,
  0xa0, 0xe5, 0xa8, 0xf0, 0x46, 0xee, 0x3e, 0x45, 0x4c, 0x81, 0xeb, 0xf8,
  0x01, 0x36, 0xee, 0xfb, 0x10, 0xc5, 0x49, 0x4a, 0x11, 0x3b, 0xa5, 0x66,
  0x3d, 0xb6, 0x29, 0x79, 0x29, 0xb7, 0xc1, 0xe9, 0xb2, 0xa5, 0x3e, 0xfc,
  0x26, 0x35, 0x2f, 0x03, 0x34, 0x0b, 0xc5, 0x9b, 0xc0, 0xaa, 0x65, 0xb8,
  0x0f, 0x4d, 0x91, 0xe9, 0xc4, 0x4b, 0xb6, 0x25, 0x6f, 0xda, 0x4f, 0x54,
  0x81, 0xbc, 0xab, 0x34, 0xcf, 0x4c, 0xcf, 0x10, 0x5f, 0xef, 0x1c, 0xad,
  0xe7, 0xf5, 0x02, 0x8d, 0x2e, 0xa7, 0x63, 0x40, 0x1a, 0xeb, 0xa9, 0x4f,
  0x9d, 0xff, 0x24, 0x8f, 0x34, 0xa5, 0x9b, 0xda, 0x99, 0x25, 0xb9, 0xf6,
  0x0a, 0x23, 0xf9, 0x12, 0x0a, 0xcd, 0x32, 0xbb, 0xee, 0x37, 0xec, 0xbe,
  0x3a, 0xfe, 0xbf, 0x38, 0xc7, 0x2e, 0xcf, 0x2a, 0xba, 0xc3, 0x11, 0x06,
  0x09, 0xfb, 0xd9, 0x29, 0x24, 0xcb, 0x0a, 0xe3, 0x25, 0xff, 0xea, 0xbd,
  0xbc, 0x45, 0xc4, 0x4b, 0x2a, 0xaa, 0xba, 0x29, 0xff, 0xba, 0xd4, 0xe6,
  0x0c, 0x25, 0xe2, 0xc9, 0xff, 0x31, 0x4a, 0xfa, 0xf0, 0x24, 0x0f, 0x03,
  0xbd, 0x09, 0x15, 0x1c, 0xd8, 0x12, 0xcd, 0xfa, 0xf7, 0xeb, 0xd2, 0x16,
  0x44, 0x44, 0x45, 0xc0, 0x81, 0x06, 0xae, 0x3d, 0x1a, 0x0b, 0xb0, 0x23,
  0xbe, 0xaf, 0xeb, 0x02, 0x43, 0xb3, 0x18, 0x68, 0xf9, 0x50, 0x42, 0x4a,
  0xd4, 0x6b, 0x4b, 0xd1, 0xb8, 0xb1, 0x42, 0x9a, 0xd0, 0x15, 0x0d, 0xf3,
  0xd1, 0x49, 0xae, 0x0c, 0x2b, 0x67, 0x35, 0x9e, 0x2f, 0xc7, 0xc4, 0x02,
  0xa5, 0x13, 0xad, 0x38, 0x09, 0xc2, 0xb4, 0xb8, 0x9f, 0x2b, 0xdf, 0x9d,
  0x2e, 0xc7, 0x18, 0xb7, 0xfe, 0xf4, 0x50, 0x5c, 0x3d, 0x5a, 0xd2, 0xe0,
  0x2b, 0x81, 0x99, 0x5c, 0xae, 0x99, 0x9c, 0x8d, 0xec, 0xd9, 0x06, 0xbf,
  0x00, 0x9c, 0x18, 0xef, 0x5a, 0xd1, 0x42, 0x30, 0x1a, 0xf0, 0xa9, 0x20,
  0x24, 0x47, 0x1f, 0xd3, 0xc8, 0xee, 0x04, 0x02, 0x61, 0xb7, 0x0a, 0xf2,
  0xcc, 0xb2, 0x3f, 0x3d, 0x27, 0x13, 0x08, 0x96, 0xb9, 0xcd, 0xc7, 0x1a,
  0xc8, 0xad, 0x60, 0x4b, 0x19, 0x05, 0x1c, 0xb2, 0x29, 0xdb, 0xc8, 0xc0,
  0x4f, 0x49, 0x5c, 0x35, 0x17, 0x33, 0x03, 0x4e, 0xfe, 0x3c, 0x5a, 0x7b,
  0x49, 0x26, 0x4d, 0xd5, 0x81, 0xf8, 0x30, 0xe5, 0x70, 0x33, 0x2b, 0x9f,
  0xc6, 0x34, 0xc8, 0xca, 0x1f, 0x26, 0xe8, 0xbc, 0x82, 0xce, 0x1e, 0xf1,
  0xf5, 0x57, 0x28, 0x13, 0x72, 0xe2, 0xff, 0xff, 0x04, 0x00, 0x00, 0x00,
  0x00, 0x18, 0x00, 0x00, 0x3c, 0xc9, 0xb4, 0xb2, 0xdd, 0x1a, 0xeb, 0x0a,
  0xaa, 0xdc, 0x6b, 0x54, 0x39, 0x19, 0xde, 0x0e, 0xaa, 0x0e, 0xef, 0x11,
  0x31, 0xea, 0x30, 0xa8, 0xc1, 0x30, 0x09, 0xc8, 0x40, 0x3e, 0xbd, 0x29,
  0xb0, 0x4e, 0xcc, 0xc1, 0xef, 0x27, 0x54, 0xcb, 0x60, 0xd9, 0x16, 0x45,
  0x4b, 0x8e, 0xef, 0x09, 0xac, 0x5f, 0x92, 0xd7, 0xf3, 0x51, 0x06, 0xe9,
  0xf7, 0x26, 0xde, 0x90, 0x24, 0xfa, 0x53, 0x10, 0xc4, 0xd4, 0xca, 0xb2,
  0xf5, 0xc6, 0xb0, 0x3a, 0x32, 0x3b, 0x43, 0x2b, 0x45, 0x84, 0xce, 0x45,
  0xb3, 0xd2, 0x93, 0x7f, 0x07, 0x0b, 0xd1, 0xfe, 0x00, 0x17, 0x25, 0x17,
  0xa9, 0xa3, 0xbf, 0x3d, 0xf9, 0xb9, 0x8c, 0xb0, 0xb4, 0x51, 0x2a, 0x06,
  0xf0, 0xfd, 0x56, 0xb5, 0x19, 0x9b, 0x27, 0x70, 0xa4, 0xd8, 0x42, 0x09,
  0xa2, 0x67, 0xe1, 0x19, 0x66, 0x32, 0x74, 0xd6, 0xe8, 0x7d, 0x28, 0x37,
  0x18, 0x02, 0x05, 0xe7, 0xa1, 0x48, 0xbb, 0x52, 0xcb, 0x4b, 0xe8, 0x42,
  0x91, 0xbf, 0x1d, 0xb8, 0xfc, 0x77, 0xf6, 0x95, 0xde, 0xcd, 0xc6, 0xeb,
  0x00, 0x9b, 0x6b, 0x18, 0xf4, 0x19, 0xc4, 0x23, 0xd4, 0xf3, 0xc0, 0xcb,
  0xc3, 0x4c, 0x4d, 0x12, 0x1f, 0x2e, 0xc5, 0x23, 0x81, 0xff, 0x4c, 0x70,
  0x13, 0x32, 0xd8, 0x16, 0xd1, 0x5f, 0x52, 0x0e, 0x5e, 0xb9, 0x2a, 0x3c,
  0x20, 0x0a, 0xa0, 0x0d, 0xf8, 0xdd, 0x2e, 0x4a, 0xf5, 0x00, 0x22, 0x39,
  0x48, 0x29, 0x07, 0x2d, 0xaf, 0xee, 0xd3, 0xa3, 0x2b, 0x91, 0x1b, 0xd6,
  0xe2, 0xdf, 0x10, 0x45, 0x0f, 0x2d, 0x7f, 0xd6, 0x10, 0x56, 0xf7, 0xac,
  0xee, 0x35, 0x04, 0x1c, 0xef, 0x8c, 0x39, 0xce, 0x55, 0x05, 0x5d, 0x19,
  0xe0, 0xf3, 0x4f, 0xf1, 0x40, 0x40, 0xf0, 0x26, 0xec, 0x3e, 0x9d, 0xdf,
  0x97, 0xa8, 0xfc, 0x35, 0x1a, 0x9e, 0xb5, 0xbc, 0xd3, 0x13, 0x4b, 0x72,
  0xed, 0x48, 0xb8, 0xba, 0xc1, 0xa5, 0x31, 0xc3, 0x38, 0xcd, 0xa6, 0xa9,
  0x2c, 0x17, 0xe5, 0xb6, 0x50, 0xca, 0x0d, 0xfe, 0x53, 0x67, 0x38, 0x56,
  0x8a, 0xcb, 0xd2, 0xcd, 0xbd, 0x08, 0x63, 0xa8, 0x81, 0xb1, 0x4a, 0xca,
  0x53, 0xfc, 0xe3, 0x96, 0x4b, 0x47, 0x9f, 0x03, 0x1c, 0xbf, 0xc1, 0xda,
  0x9b, 0xa8, 0x41, 0x2d, 0xb0, 0xd5, 0xb1, 0x20, 0xb9, 0x1d, 0xc8, 0x3d,
  0xa3, 0xaa, 0x36, 0xea, 0xd8, 0x29, 0x1d, 0xf7, 0xb2, 0xa8, 0xc5, 0x49,
  0x0c, 0x11, 0xc3, 0x1f, 0x0e, 0x3a, 0x17, 0xd0, 0xcd, 0xfc, 0xc9, 0x1f,
  0xba, 0xee, 0x9e, 0xfc, 0x3a, 0xac, 0x20, 0xf8, 0xeb, 0x2a, 0xbb, 0xc8,
  0x22, 0xd2, 0x44, 0x2d, 0x99, 0xea, 0xfe, 0x3f, 0xd4, 0x30, 0x9e, 0xfd,
  0xe9, 0xcd, 0x47, 0xa4, 0xd0, 0xd4, 0xaa, 0x2b, 0x30, 0x1f, 0x3e, 0xec,
  0xfa, 0xf1, 0x90, 0x25, 0xf0, 0xed, 0x3e, 0xec, 0x02, 0x3c, 0xed, 0xe3,
  0xbc, 0xcd, 0x4f, 0xfd, 0x38, 0x04, 0xda, 0xff, 0x17, 0xcf, 0xe6, 0xcf,
  0xff, 0xe0, 0xdc, 0xa4, 0x42, 0xe7, 0x03, 0x81, 0xc8, 0xbd, 0x9d, 0x4a,
  0x00, 0xd0, 0x0a, 0x14, 0x23, 0x10, 0x28, 0xdc, 0x45, 0x20, 0xfe, 0x0f,
  0xd1, 0x3c, 0xc9, 0xb7, 0x32, 0xea, 0x11, 0xca, 0x4b, 0x29, 0xe3, 0xc3,
  0x42, 0x2d, 0x0e, 0x95, 0x0d, 0x13, 0x30, 0x0f, 0xac, 0xab, 0x2c, 0x3f,
  0xd0, 0x2d, 0xf1, 0xde, 0xdb, 0xf5, 0xf0, 0xbe, 0x0c, 0xe0, 0x3a, 0xe7,
  0xf5, 0x26, 0xd4, 0x2a, 0x30, 0xfe, 0xc0, 0xcd, 0x08, 0x64, 0x4a, 0x94,
  0x3c, 0x32, 0xf9, 0x48, 0x4c, 0xc7, 0x31, 0x00, 0x04, 0x36, 0xbf, 0xc3,
  0xe3, 0xd8, 0x38, 0x05, 0x20, 0x06, 0x51, 0xe4, 0x09, 0x36, 0xd7, 0xd0,
  0xdd, 0x98, 0xf2, 0x86, 0x01, 0xe8, 0x38, 0x39, 0xf9, 0xc7, 0xf5, 0xf2,
  0xe1, 0x96, 0x4c, 0xff, 0x03, 0x01, 0x35, 0x32, 0xcc, 0xbc, 0xef, 0xd3,
  0xf8, 0x4e, 0x4f, 0x99, 0x3b, 0x3f, 0xf0, 0x4e, 0x49, 0x39, 0xa9, 0x0f,
  0xd2, 0x28, 0x16, 0xbe, 0xc5, 0xe1, 0x15, 0x7f, 0xf2, 0xe4, 0x35, 0x2e,
  0xed, 0xf8, 0x3f, 0xab, 0x96, 0xf3, 0x05, 0xc5, 0xd0, 0xb9, 0x18, 0x30,
  0x5d, 0x45, 0x32, 0x06, 0xce, 0xe3, 0xbc, 0xd5, 0xb2, 0x25, 0xec, 0xf8,
  0xac, 0x2a, 0x23, 0x13, 0xa8, 0x0f, 0x4b, 0xbd, 0x08, 0x93, 0xc0, 0x37,
  0xc0, 0x10, 0x2d, 0x3e, 0x39, 0x5a, 0xc4, 0xb3, 0x21, 0xd1, 0xba, 0xb9,
  0x16, 0xb9, 0xf1, 0x34, 0x47, 0x0f, 0xaf, 0x57, 0x4b, 0xa5, 0xb9, 0xdb,
  0xef, 0xbf, 0xde, 0xce, 0x0a, 0x38, 0x47, 0x55, 0x55, 0x08, 0xb7, 0xbb,
  0xfe, 0xdd, 0xce, 0x28, 0x26, 0x2a, 0xd3, 0xef, 0x01, 0x0f, 0xbd, 0x26,
  0x4e, 0xd4, 0x16, 0x21, 0xfd, 0xc3, 0xcb, 0x03, 0xe7, 0x0f, 0x51, 0xb2,
  0xd0, 0xcd, 0x49, 0xe9, 0xf5, 0xaa, 0x3b, 0x1c, 0x3b, 0x69, 0xad, 0xfb,
  0x02, 0xe8, 0xf9, 0xec, 0xeb, 0xfe, 0x39, 0x23, 0xbc, 0x51, 0xb9, 0x7f,
  0x23, 0xd9, 0x1e, 0xf8, 0xe8, 0xf4, 0x32, 0x38, 0xc2, 0x30, 0xe6, 0xa3,
  0x20, 0xd7, 0xe9, 0xee, 0xf6, 0x91, 0xfb, 0xc3, 0xc8, 0xf4, 0xa9, 0x2a,
  0x20, 0xc9, 0x4c, 0x0f, 0xf3, 0xc1, 0xf8, 0xfe, 0x13, 0xe5, 0x24, 0x50,
  0x23, 0xef, 0x91, 0x1d, 0x40, 0xef, 0x2d, 0xe1, 0xd9, 0xe2, 0xb9, 0x40,
  0xca, 0xc1, 0xdc, 0x0e, 0x28, 0xcf, 0xc3, 0x51, 0xc7, 0xf8, 0xf5, 0x32,
  0xb7, 0x1a, 0xf3, 0x21, 0xca, 0x29, 0x24, 0x00, 0x8e, 0x51, 0x01, 0xa7,
  0x2d, 0xe3, 0x29, 0xcc, 0x1a, 0xbe, 0x40, 0xc1, 0x06, 0x81, 0xdd, 0x5e,
  0x33, 0x21, 0xba, 0x01, 0xdb, 0xd2, 0x3d, 0xd6, 0xb6, 0x34, 0xf0, 0x3c,
  0xc9, 0xc4, 0x95, 0x23, 0xba, 0xe8, 0xe9, 0x16, 0xd7, 0xe5, 0xec, 0xc8,
  0xdb, 0x4d, 0x07, 0xc1, 0xa4, 0xc4, 0x10, 0x14, 0xf2, 0x9e, 0xcc, 0x32,
  0xc5, 0xae, 0x4c, 0x99, 0xb4, 0xac, 0x1c, 0x6d, 0x1a, 0xc5, 0x81, 0x15,
  0x6e, 0xef, 0xe7, 0x8a, 0xdf, 0xef, 0xf9, 0x01, 0xe9, 0x4f, 0x3b, 0x13,
  0xa8, 0xc9, 0xfd, 0xdf, 0x3b, 0xf3, 0x0e, 0x24, 0xc2, 0xa1, 0xbb, 0x13,
  0x46, 0xf2, 0x1a, 0x56, 0xdc, 0x3e, 0x28, 0x87, 0x5e, 0x51, 0xdf, 0x15,
  0x5c, 0x46, 0xe3, 0x04, 0x58, 0x46, 0xd3, 0x31, 0xc3, 0xe0, 0xe3, 0x2d,
  0xbd, 0x65, 0xc2, 0xcb, 0xad, 0xcf, 0xcf, 0x28, 0x0a, 0x17, 0x41, 0xe6,
  0xd0, 0xc3, 0xec, 0x33, 0xc2, 0x87, 0xd0, 0xf6, 0x12, 0xfb, 0x54, 0xbb,
  0x49, 0x3d, 0xf5, 0xe4, 0x0e, 0x12, 0xb0, 0x01, 0xe9, 0xdf, 0xd1, 0x0f,
  0xc7, 0xe5, 0xd7, 0xfe, 0xf3, 0xf8, 0x4c, 0x01, 0x74, 0xe6, 0xb1, 0xbd,
  0x2c, 0xa8, 0x02, 0xd0, 0x8c, 0x23, 0xae, 0x0f, 0x0c, 0x43, 0x29, 0xcb,
  0x34, 0xb9, 0x20, 0x16, 0x2e, 0x02, 0xed, 0x33, 0xa7, 0x46, 0x34, 0xec,
  0xb8, 0xfd, 0x3d, 0x2c, 0x45, 0x02, 0xba, 0x0a, 0x5c, 0xb2, 0x57, 0xd3,
  0xbd, 0xcf, 0x2d, 0x2e, 0xf3, 0xff, 0x19, 0xae, 0xc2, 0xf6, 0xf2, 0xea,
  0xf4, 0x3d, 0x41, 0xff, 0x00, 0x20, 0xf1, 0x03, 0x2a, 0xec, 0xdb, 0xdb,
  0x33, 0x2b, 0x81, 0xcb, 0xf7, 0xe6, 0x50, 0xcd, 0xe1, 0x14, 0xbf, 0xc8,
  0x56, 0x2a, 0x53, 0x6d, 0xb1, 0x2f, 0x0c, 0xce, 0xcb, 0x78, 0xac, 0xa7,
  0x28, 0x00, 0xd6, 0xf6, 0xaf, 0xca, 0x4e, 0x0f, 0x20, 0x0d, 0x17, 0xf3,
  0x0e, 0xff, 0xc0, 0xc8, 0x0c, 0x25, 0x23, 0x03, 0xe9, 0xc2, 0x7f, 0xf0,
  0x07, 0xae, 0x09, 0xe4, 0x39, 0x00, 0xd5, 0x6c, 0xc8, 0x5b, 0xcd, 0xe0,
  0xc8, 0x67, 0x47, 0x3d, 0xfb, 0x2b, 0xfc, 0xca, 0x2a, 0xfa, 0xee, 0xe6,
  0x7c, 0x2d, 0x06, 0xfd, 0xc3, 0x44, 0x40, 0xed, 0x2c, 0xc3, 0x3d, 0xda,
  0xfb, 0xec, 0x5c, 0x2c, 0xd6, 0xf9, 0xe3, 0xe3, 0xf9, 0xb7, 0x2b, 0x20,
  0xbc, 0xb4, 0x18, 0x47, 0x16, 0x42, 0xf2, 0x42, 0x5a, 0xc7, 0xbd, 0x81,
  0xe0, 0xd9, 0x1a, 0x24, 0xc3, 0x2f, 0xb9, 0x31, 0x32, 0x48, 0x35, 0x1f,
  0x51, 0xdf, 0x04, 0xc3, 0xa6, 0x04, 0x6a, 0x02, 0xa5, 0x38, 0xf8, 0x2a,
  0xf9, 0x5b, 0x36, 0x36, 0x3c, 0x18, 0x13, 0x85, 0xf4, 0xdd, 0x15, 0x15,
  0x1c, 0xe6, 0x14, 0xb5, 0x32, 0xe6, 0x3d, 0x66, 0x34, 0xe3, 0x21, 0xaa,
  0xfa, 0xe2, 0xe6, 0xcd, 0xa1, 0xd2, 0xe7, 0x44, 0x5e, 0x28, 0xfa, 0x53,
  0x09, 0xee, 0xaa, 0x83, 0xfa, 0xe7, 0xed, 0x5f, 0x00, 0xda, 0x62, 0x10,
  0x1d, 0x12, 0x45, 0xbc, 0x45, 0xb4, 0xff, 0xcf, 0xb8, 0x09, 0x07, 0xa9,
  0xd6, 0xfc, 0x70, 0x5c, 0xf6, 0x0b, 0xcb, 0xa9, 0xbc, 0x52, 0xe2, 0xcb,
  0x0e, 0x13, 0x53, 0xf2, 0x23, 0x41, 0x3a, 0xe5, 0x54, 0xf3, 0x05, 0x36,
  0x3c, 0x04, 0xa0, 0x84, 0xc4, 0x01, 0x6c, 0x1a, 0x2d, 0xb4, 0x35, 0xe2,
  0x54, 0x47, 0xd4, 0x2c, 0x34, 0x22, 0x2a, 0xb2, 0x13, 0xb2, 0xd2, 0xfb,
  0x08, 0x04, 0xce, 0xe4, 0xdf, 0xdd, 0xb9, 0x5f, 0x09, 0x1e, 0xc1, 0xf8,
  0x24, 0x22, 0x2d, 0xa4, 0xe7, 0xc3, 0x7f, 0x12, 0xc1, 0x1e, 0x05, 0x30,
  0xeb, 0x25, 0xcb, 0xb7, 0x3f, 0xcb, 0xf1, 0xc9, 0x4c, 0x60, 0x26, 0x39,
  0x4f, 0xb3, 0xd7, 0xe1, 0xd0, 0x19, 0xb8, 0xcf, 0xf3, 0xff, 0xbb, 0x0e,
  0xff, 0xdc, 0x51, 0x59, 0x6d, 0xf4, 0x46, 0x28, 0x9f, 0x61, 0xca, 0x22,
  0xdf, 0x20, 0x52, 0x3b, 0xe0, 0xc6, 0xc8, 0xd2, 0xf1, 0xd3, 0xcf, 0xb2,
  0x50, 0xf1, 0x20, 0xfc, 0x07, 0x42, 0x24, 0xd2, 0x51, 0x11, 0x28, 0xc3,
  0x63, 0xa6, 0x2a, 0xe0, 0x2d, 0x01, 0x09, 0x12, 0x4a, 0xd0, 0x31, 0xb4,
  0x05, 0xca, 0xdf, 0x68, 0x51, 0xe6, 0x0a, 0xd0, 0xf2, 0x49, 0x18, 0x4a,
  0x2d, 0x3d, 0x6e, 0x26, 0x3e, 0x4f, 0xca, 0xfc, 0x0d, 0xd1, 0x55, 0xd3,
  0x16, 0x7f, 0xc6, 0x31, 0xd0, 0xe0, 0xf7, 0xe7, 0x4a, 0x15, 0x21, 0xf9,
  0xe3, 0x44, 0x2a, 0x22, 0x36, 0xfe, 0x43, 0xce, 0xc0, 0xca, 0x51, 0xdb,
  0xf2, 0xe7, 0x46, 0xbf, 0x26, 0x20, 0x10, 0x0d, 0x04, 0xb5, 0x14, 0x8c,
  0x1a, 0xb1, 0x69, 0x58, 0xc6, 0xfe, 0xb3, 0xd3, 0xe6, 0xf5, 0xd3, 0xdf,
  0xf3, 0x2e, 0x3a, 0xb5, 0xce, 0x53, 0xf6, 0xbd, 0xd4, 0xab, 0x5a, 0x76,
  0x13, 0x9a, 0xba, 0x46, 0x3a, 0xf4, 0xaf, 0xcf, 0x35, 0xb4, 0x71, 0xf8,
  0x04, 0x55, 0x26, 0x3f, 0x51, 0x23, 0xba, 0x8a, 0x26, 0x81, 0xd9, 0xfb,
  0x98, 0x62, 0xfc, 0xd0, 0xf7, 0xe4, 0x5f, 0xe6, 0x60, 0x22, 0x6a, 0x43,
  0xe4, 0xd8, 0x1e, 0xaf, 0xb9, 0x1f, 0x15, 0x17, 0x27, 0x1d, 0x3f, 0xad,
  0x21, 0x34, 0x38, 0x24, 0xc1, 0xca, 0x9d, 0x0d, 0xd1, 0xcf, 0xd9, 0xd7,
  0x25, 0x30, 0x59, 0x70, 0xc0, 0x70, 0xfa, 0x53, 0x11, 0x13, 0x39, 0x3a,
  0xdd, 0xc9, 0x30, 0x41, 0xee, 0x20, 0x26, 0xfe, 0xce, 0x12, 0x0a, 0x13,
  0x2f, 0x00, 0x08, 0xd7, 0xcc, 0x48, 0xed, 0x1b, 0x20, 0xd2, 0xdb, 0x99,
  0x21, 0x37, 0xe8, 0x1c, 0xfa, 0x33, 0x0b, 0x34, 0x0d, 0xc3, 0xd0, 0xcb,
  0x22, 0x2e, 0x4f, 0xd6, 0x10, 0xf9, 0x3f, 0x3f, 0x1e, 0xff, 0x32, 0x4d,
  0x09, 0x1c, 0xd9, 0xe6, 0xd1, 0x19, 0xe2, 0xe6, 0x99, 0x4c, 0x0f, 0xd7,
  0xfa, 0xef, 0xee, 0x21, 0xc2, 0xf6, 0x35, 0x4e, 0xcb, 0xb6, 0x3c, 0xf0,
  0xf2, 0xff, 0xba, 0x1f, 0xc7, 0x5a, 0xfa, 0xef, 0x49, 0xbb, 0xd0, 0x7f,
  0xbb, 0x00, 0xb4, 0xd1, 0xc3, 0x06, 0xbb, 0xc1, 0xda, 0xc2, 0x95, 0x79,
  0x05, 0x4b, 0xea, 0xfe, 0xbe, 0x01, 0xd3, 0xb9, 0xfe, 0x0a, 0x03, 0x00,
  0xee, 0x06, 0x0a, 0x49, 0xe4, 0xeb, 0x5c, 0xa9, 0xb9, 0x48, 0x81, 0xe0,
  0x04, 0x25, 0x96, 0x87, 0xfd, 0x35, 0x44, 0xaa, 0x55, 0x17, 0x44, 0x19,
  0xed, 0x05, 0xef, 0x09, 0x3d, 0x4c, 0xe0, 0xf1, 0xfa, 0x2a, 0x15, 0xeb,
  0x0d, 0x43, 0x30, 0x28, 0xb3, 0xbf, 0x16, 0x17, 0xa6, 0xdc, 0xf0, 0x10,
  0x15, 0x9d, 0xf0, 0x2c, 0x07, 0xc7, 0x3e, 0x0d, 0xd5, 0x9a, 0xfb, 0x12,
  0xd4, 0xa0, 0xdc, 0x66, 0x0a, 0x6d, 0xa8, 0xfa, 0xa1, 0xc4, 0x36, 0x3f,
  0x03, 0x55, 0x17, 0xf3, 0xfc, 0x42, 0x22, 0xd8, 0x7d, 0xae, 0x49, 0xe2,
  0xd0, 0xba, 0xf9, 0xe8, 0xd3, 0xe1, 0xfe, 0x2f, 0x45, 0x3f, 0x08, 0x0c,
  0xcd, 0x14, 0x30, 0x78, 0x0f, 0x09, 0xbc, 0x18, 0x9f, 0x04, 0xc7, 0xca,
  0x4b, 0x6d, 0x26, 0x0e, 0xed, 0xe8, 0x52, 0xd4, 0x32, 0xe6, 0xa2, 0xdb,
  0x26, 0xcc, 0xda, 0x40, 0x10, 0x1e, 0x29, 0x40, 0x0f, 0xc7, 0x18, 0xee,
  0x59, 0xfa, 0x2a, 0x01, 0xbe, 0xd3, 0xdd, 0x1c, 0x41, 0x06, 0x4a, 0xfa,
  0x62, 0x7a, 0xb0, 0x20, 0x5f, 0x14, 0xd9, 0x0a, 0x53, 0x37, 0xf0, 0x7f,
  0x41, 0x62, 0x22, 0xca, 0xff, 0x43, 0x31, 0x30, 0xd0, 0xde, 0xdf, 0xf1,
  0x00, 0x37, 0x62, 0x04, 0x05, 0x2e, 0x13, 0xe4, 0x9b, 0xe5, 0x41, 0xf0,
  0xf0, 0x2f, 0x08, 0x58, 0xd1, 0x81, 0x60, 0x11, 0xa9, 0xbf, 0x49, 0xe2,
  0x11, 0x47, 0x12, 0xd0, 0xc6, 0xfa, 0x38, 0x21, 0x35, 0x29, 0xa5, 0x28,
  0x21, 0x28, 0x07, 0x30, 0x32, 0x34, 0xdb, 0x4c, 0xe9, 0xc5, 0x25, 0x42,
  0xdb, 0xec, 0xc8, 0x69, 0x0c, 0xee, 0x21, 0xe7, 0xde, 0x42, 0x4c, 0xaa,
  0xf0, 0x0f, 0x03, 0xe8, 0x12, 0x15, 0x1a, 0xb8, 0x29, 0xf7, 0xe4, 0x17,
  0xfb, 0x08, 0x9f, 0xfb, 0xd6, 0xde, 0x63, 0xe9, 0xa9, 0xf6, 0x07, 0xed,
  0xee, 0xde, 0xae, 0xec, 0xdd, 0xb5, 0x04, 0xb0, 0xb9, 0x0d, 0x32, 0x27,
  0xe0, 0x58, 0x56, 0xcd, 0x11, 0xca, 0x2a, 0xe1, 0xdb, 0xfc, 0xf3, 0x2d,
  0x4f, 0x3d, 0x0c, 0x34, 0x3d, 0x16, 0xd3, 0x1d, 0xc3, 0x09, 0xcf, 0xa3,
  0x1e, 0x17, 0xfa, 0x59, 0xd1, 0xd9, 0x1d, 0xda, 0x0d, 0x1e, 0x81, 0x1c,
  0x5a, 0x07, 0x4e, 0x20, 0xf6, 0x11, 0x0b, 0x17, 0x0f, 0x4f, 0x3d, 0xea,
  0xd4, 0x29, 0x1e, 0xdf, 0x19, 0xb8, 0x07, 0xeb, 0x44, 0x01, 0xde, 0xcc,
  0x33, 0xbc, 0x5e, 0xe3, 0x15, 0x01, 0xb7, 0x11, 0x59, 0x49, 0x12, 0xda,
  0x45, 0xef, 0xad, 0xc7, 0x26, 0xc0, 0x3b, 0x0d, 0xf8, 0xff, 0xf9, 0x0f,
  0x08, 0xcc, 0x24, 0xd8, 0xba, 0x41, 0xc1, 0xe5, 0x24, 0x33, 0x51, 0x00,
  0x27, 0xea, 0x07, 0xd3, 0xfe, 0x29, 0xf3, 0xcc, 0x1a, 0xea, 0x08, 0x40,
  0x18, 0xb5, 0xfb, 0xbb, 0x1c, 0x05, 0xd1, 0x35, 0xc5, 0x81, 0xf5, 0xf6,
  0xd5, 0x26, 0xda, 0x01, 0xe4, 0xaa, 0xdc, 0x65, 0x1a, 0x5e, 0x02, 0xe6,
  0xc5, 0xe7, 0x0a, 0xd5, 0xca, 0x48, 0x22, 0xd9, 0xc6, 0x13, 0xfc, 0x9a,
  0xcf, 0x9b, 0xde, 0xec, 0xf4, 0xe4, 0xbc, 0x3a, 0xfd, 0x5e, 0x32, 0xc0,
  0x3c, 0xa7, 0x17, 0xc3, 0xbe, 0xfa, 0xba, 0x0e, 0xec, 0x6a, 0x3d, 0x9f,
  0xaa, 0xc5, 0x9c, 0x6c, 0x03, 0xce, 0x28, 0xf2, 0x1f, 0xa2, 0x3c, 0x62,
  0xf4, 0x9a, 0x20, 0x1c, 0xb8, 0x0b, 0xc3, 0x41, 0xb4, 0xf9, 0xdb, 0xda,
  0xa2, 0x65, 0xdb, 0xe0, 0x7f, 0x46, 0x37, 0xc0, 0x14, 0xb9, 0x6d, 0x41,
  0x3b, 0xac, 0xd2, 0x09, 0x35, 0x53, 0xd2, 0x3f, 0x4c, 0x2e, 0xe1, 0xbb,
  0x57, 0x32, 0x20, 0x03, 0xec, 0xd7, 0x9d, 0x0b, 0xd0, 0xc5, 0x73, 0x29,
  0xf1, 0xeb, 0x20, 0xf9, 0xd7, 0xeb, 0x55, 0xb4, 0xac, 0xd3, 0xe1, 0xe5,
  0x0d, 0x53, 0xad, 0x28, 0x34, 0x63, 0x45, 0xe6, 0x5d, 0xc4, 0x3c, 0x37,
  0x21, 0x07, 0x36, 0x24, 0x1f, 0xdc, 0x10, 0x37, 0x6c, 0xdb, 0x03, 0xc1,
  0x55, 0xd0, 0x3b, 0x43, 0x87, 0x3d, 0x30, 0xef, 0x2e, 0xfa, 0xba, 0x1a,
  0xf0, 0x77, 0x36, 0xc7, 0x03, 0xe3, 0x00, 0x31, 0x10, 0xe1, 0xb2, 0x30,
  0x4f, 0x22, 0x46, 0xe2, 0xc8, 0x05, 0x35, 0x53, 0x39, 0x21, 0xad, 0x29,
  0x47, 0xdd, 0xd7, 0xb2, 0x61, 0x36, 0xfc, 0xda, 0x2e, 0xeb, 0x07, 0x17,
  0xdd, 0xa9, 0xfb, 0x4e, 0xb9, 0xb9, 0xea, 0xc6, 0x31, 0xb5, 0x4b, 0xe7,
  0xd3, 0x5d, 0x00, 0xf8, 0x38, 0xfd, 0x4d, 0x42, 0xf6, 0x24, 0xdd, 0xeb,
  0x63, 0xf4, 0x10, 0xe6, 0x32, 0xc6, 0xf0, 0x43, 0xa4, 0xbc, 0xab, 0x11,
  0x0e, 0x0e, 0x81, 0xf4, 0x54, 0xcd, 0x36, 0xd4, 0x10, 0x25, 0x10, 0x23,
  0x2b, 0xc2, 0x2e, 0x47, 0xab, 0xd1, 0xce, 0x29, 0x05, 0x36, 0xdd, 0xea,
  0x2d, 0xdf, 0x06, 0x1f, 0x3e, 0xf6, 0xda, 0x4c, 0x43, 0xd6, 0xf4, 0xaf,
  0xf1, 0xfc, 0x1a, 0xde, 0xe3, 0xe8, 0xd6, 0x81, 0xeb, 0xd2, 0xf9, 0x12,
  0xcb, 0xb3, 0x4e, 0xfa, 0x26, 0xf8, 0xc2, 0xf6, 0xb1, 0xe4, 0xc6, 0xd2,
  0x32, 0xff, 0xfb, 0x5e, 0xb2, 0x67, 0x47, 0x58, 0xe4, 0x1d, 0xd5, 0x50,
  0x66, 0x5f, 0xe5, 0xf0, 0x6f, 0xfd, 0xf6, 0xc3, 0xff, 0xfc, 0x6b, 0x6e,
  0x2f, 0x39, 0x0d, 0xce, 0x21, 0xe1, 0x88, 0xc8, 0xae, 0xdd, 0xc3, 0xaf,
  0x8a, 0x50, 0x56, 0x13, 0xc8, 0xd6, 0xe3, 0xe9, 0x1f, 0x6b, 0x2e, 0xf0,
  0xd1, 0x5c, 0x88, 0xa9, 0xae, 0xe5, 0x5d, 0x38, 0xca, 0xf7, 0x60, 0x74,
  0x29, 0x63, 0xf8, 0xc5, 0x3b, 0xe8, 0xd5, 0xbb, 0x1f, 0x11, 0x64, 0x52,
  0x31, 0x2f, 0xfa, 0x42, 0xe0, 0xd7, 0xf9, 0xdb, 0x24, 0xe1, 0xe3, 0x26,
  0xda, 0xd1, 0x4b, 0xd7, 0x39, 0x31, 0xfd, 0x19, 0xd5, 0xc8, 0xd5, 0x1b,
  0xef, 0xa7, 0xf9, 0xd8, 0x1b, 0x1e, 0xff, 0xae, 0xf0, 0x9a, 0x7f, 0x01,
  0xe6, 0x0f, 0x0f, 0x4e, 0x29, 0xef, 0x06, 0xed, 0xcb, 0xd9, 0x07, 0x4a,
  0xe5, 0x35, 0x38, 0xda, 0x0d, 0x4a, 0x23, 0x0b, 0x51, 0xde, 0xdd, 0x0a,
  0xd2, 0x22, 0x44, 0xc5, 0xd7, 0x23, 0x6f, 0x40, 0x56, 0xe4, 0xfd, 0x46,
  0xef, 0x10, 0xf3, 0xd1, 0xff, 0xb4, 0x3c, 0xd5, 0x30, 0xb7, 0x43, 0x2f,
  0x27, 0xd5, 0xe4, 0x02, 0xf1, 0xa8, 0xaa, 0x16, 0x0c, 0x4b, 0xdc, 0x99,
  0xa1, 0xcb, 0xef, 0x1d, 0x32, 0x37, 0xed, 0xef, 0x20, 0xc1, 0xbd, 0x3e,
  0x4a, 0xfc, 0xcf, 0xfc, 0x0e, 0x32, 0xf2, 0xd3, 0xd1, 0x33, 0x33, 0xfb,
  0x3f, 0x3c, 0x1b, 0x2c, 0x04, 0x05, 0xf4, 0xd6, 0x16, 0x23, 0x17, 0xf2,
  0x0f, 0x08, 0x26, 0x24, 0x25, 0x1e, 0xcc, 0xe9, 0xdf, 0x0a, 0x43, 0xda,
  0x50, 0xe9, 0x4e, 0x31, 0x1d, 0x29, 0x24, 0x22, 0x27, 0xc8, 0xd9, 0x24,
  0xfa, 0x34, 0x81, 0xf5, 0x18, 0x28, 0x1b, 0xc7, 0x03, 0x77, 0xd6, 0x04,
  0x47, 0x5e, 0x14, 0x31, 0xe7, 0x34, 0xeb, 0x00, 0x38, 0x3a, 0xd8, 0x3d,
  0x0e, 0x0a, 0x42, 0xcc, 0x05, 0x13, 0x21, 0x0c, 0x17, 0xc9, 0xdd, 0xd1,
  0xbf, 0x08, 0x18, 0x2f, 0x15, 0xa7, 0xde, 0xdd, 0x0f, 0x03, 0xa9, 0x48,
  0x69, 0xbc, 0x9b, 0x42, 0xea, 0x19, 0xff, 0x1d, 0xf3, 0x18, 0x43, 0xa9,
  0x22, 0x19, 0xd7, 0xca, 0xd3, 0x50, 0x2b, 0x38, 0x3e, 0x3b, 0x81, 0x0c,
  0x0a, 0xe8, 0x3e, 0xe6, 0x29, 0x2f, 0xc1, 0x14, 0x23, 0x50, 0x17, 0x03,
  0xf5, 0x1f, 0x4a, 0x20, 0xc3, 0x0a, 0x03, 0x2c, 0x20, 0xf1, 0xec, 0xbd,
  0xfb, 0x53, 0xf2, 0x0a, 0xe5, 0x3e, 0x06, 0xdb, 0xf8, 0x05, 0x38, 0xed,
  0x43, 0xce, 0xac, 0x53, 0x26, 0x14, 0x21, 0x06, 0x12, 0x3a, 0xac, 0xbd,
  0x08, 0x06, 0x58, 0x0d, 0x17, 0xab, 0xdc, 0x26, 0x01, 0xb7, 0x05, 0x63,
  0xa4, 0x24, 0x1f, 0xbe, 0x06, 0xe5, 0xfd, 0x00, 0x35, 0x93, 0x8d, 0x0c,
  0xb5, 0x5d, 0x13, 0x45, 0xdd, 0xef, 0xfe, 0x1a, 0x01, 0xc6, 0xe0, 0x81,
  0x73, 0x29, 0xb1, 0x63, 0xc8, 0x5e, 0x96, 0x9b, 0xd9, 0x35, 0xb0, 0x36,
  0xec, 0xe7, 0x25, 0x35, 0x7b, 0xa4, 0x9a, 0x6b, 0x51, 0xe6, 0xf2, 0xe8,
  0x7d, 0x66, 0x90, 0x01, 0xe6, 0x11, 0x58, 0x32, 0xc2, 0x00, 0xef, 0x3d,
  0xad, 0xbc, 0x2a, 0x0d, 0xd9, 0x98, 0xb7, 0x76, 0xf9, 0x5c, 0x7d, 0xbd,
  0xbc, 0xdb, 0xa9, 0xc2, 0xc9, 0xaa, 0xb2, 0x1b, 0x35, 0x2b, 0x03, 0x1d,
  0x98, 0x47, 0x3f, 0x7c, 0x3b, 0xb7, 0xcc, 0x4e, 0xbc, 0x1e, 0x0d, 0xb1,
  0x50, 0xca, 0x45, 0x3e, 0x2e, 0x1a, 0xb5, 0xe6, 0x03, 0x32, 0x0b, 0x05,
  0x7d, 0x3e, 0xb2, 0xc3, 0xfe, 0xf4, 0xf9, 0x51, 0x09, 0x1c, 0xd4, 0xb8,
  0xd6, 0x24, 0x03, 0x55, 0xc8, 0xea, 0xf4, 0x2c, 0x01, 0x13, 0xa8, 0xe1,
  0x0d, 0x3a, 0x15, 0x3f, 0xef, 0x4e, 0xef, 0x0d, 0x1b, 0x06, 0xbf, 0xa1,
  0x22, 0xd9, 0xf2, 0x63, 0xe1, 0xff, 0xe3, 0x3c, 0x10, 0xf9, 0x39, 0x1c,
  0x09, 0xf2, 0xc9, 0xcc, 0x2f, 0x24, 0xf3, 0x15, 0xff, 0x7f, 0x37, 0x21,
  0x3a, 0xea, 0xda, 0xff, 0x18, 0x4a, 0xf9, 0xf3, 0xc3, 0x1c, 0x1a, 0x64,
  0x10, 0xba, 0x2a, 0x2f, 0xdc, 0xd1, 0xe6, 0xda, 0xfc, 0xf7, 0xe5, 0xf6,
  0xf6, 0x14, 0x16, 0x13, 0xc8, 0x99, 0x15, 0x36, 0xa6, 0x50, 0xfa, 0xcd,
  0x47, 0x04, 0xf7, 0x04, 0x0d, 0x01, 0x24, 0xb1, 0x1d, 0x90, 0xa9, 0x1f,
  0xdf, 0x31, 0x34, 0x42, 0xc3, 0x9e, 0x44, 0xde, 0x75, 0x12, 0xda, 0xef,
  0x5c, 0xe7, 0x02, 0x23, 0x31, 0x27, 0x5c, 0xfe, 0x06, 0xe4, 0xf7, 0xe3,
  0x25, 0x05, 0xd4, 0xdf, 0xc9, 0x1c, 0x47, 0xf4, 0xe5, 0x12, 0x5d, 0x35,
  0x28, 0xa7, 0x41, 0xc7, 0xf7, 0x44, 0x81, 0xd7, 0xc3, 0x9d, 0xc3, 0xcb,
  0xc3, 0x12, 0x16, 0x07, 0xd5, 0xc0, 0xb8, 0x46, 0x96, 0xe5, 0x04, 0xb3,
  0x54, 0xd2, 0x30, 0xc9, 0xc6, 0xf3, 0x02, 0x40, 0xd0, 0x05, 0xd1, 0x3b,
  0xfb, 0x4d, 0x03, 0xea, 0x52, 0xf6, 0xe4, 0xff, 0x3b, 0x0a, 0x34, 0xfc,
  0x15, 0x21, 0x09, 0xf7, 0xc4, 0xde, 0xe2, 0xc2, 0x0d, 0xb5, 0xf2, 0x1c,
  0xf3, 0xc2, 0xe8, 0xd9, 0x2d, 0xb5, 0xf7, 0x08, 0x49, 0xea, 0x05, 0x3c,
  0x51, 0x26, 0x15, 0x5c, 0xa9, 0x6c, 0xe6, 0x3d, 0xd5, 0x30, 0x0f, 0x43,
  0x54, 0x2e, 0x48, 0xd7, 0xbb, 0xc8, 0x08, 0xbb, 0xf2, 0xc0, 0xc1, 0xde,
  0xca, 0xf4, 0x76, 0xd9, 0x60, 0x09, 0xdc, 0xf9, 0x4e, 0x3d, 0x0e, 0xc1,
  0x4d, 0x7a, 0x81, 0x51, 0x18, 0x67, 0xf8, 0xce, 0xa6, 0xcd, 0x14, 0xf5,
  0xf9, 0x05, 0xed, 0xe6, 0xbf, 0x14, 0x11, 0x5a, 0x36, 0x17, 0xe3, 0x58,
  0xfc, 0xb9, 0xf8, 0xf6, 0x27, 0xa7, 0x3a, 0x41, 0x41, 0xd9, 0x9d, 0x2b,
  0xe5, 0xc1, 0xee, 0xb5, 0x35, 0x6a, 0xf6, 0x15, 0x00, 0xc4, 0x4e, 0xa1,
  0x0e, 0x3f, 0x6d, 0xbc, 0x46, 0x1e, 0xed, 0x45, 0x05, 0x08, 0x85, 0x30,
  0x08, 0xc4, 0x45, 0xfa, 0xe4, 0x6b, 0x06, 0x0d, 0x4a, 0xd4, 0xd4, 0xb1,
  0xef, 0x20, 0xf8, 0xc4, 0xed, 0x2d, 0x1e, 0x8e, 0xa5, 0x33, 0xf4, 0xd9,
  0x62, 0x35, 0x7f, 0xcd, 0xfe, 0x5c, 0x34, 0xc9, 0x01, 0xbf, 0x29, 0xdc,
  0xbd, 0x26, 0x16, 0x20, 0xcd, 0x24, 0x5d, 0xcb, 0x36, 0xfa, 0xae, 0xda,
  0xa6, 0x17, 0x33, 0x3a, 0xeb, 0x50, 0x01, 0xe0, 0xca, 0xcf, 0xee, 0x46,
  0x15, 0x22, 0xa2, 0x3c, 0xb2, 0x81, 0xec, 0xce, 0x40, 0x06, 0x23, 0x2b,
  0xe6, 0xbf, 0x2c, 0x4c, 0x34, 0x20, 0x08, 0xe2, 0x5c, 0xc8, 0x27, 0xee,
  0x25, 0xf6, 0xc7, 0xcd, 0x34, 0x23, 0xdd, 0xb0, 0xf1, 0xc1, 0xc7, 0x3a,
  0xe2, 0x8f, 0x11, 0x37, 0x35, 0x39, 0xe3, 0x05, 0xe7, 0x40, 0x57, 0x4e,
  0xe2, 0x26, 0xce, 0x2a, 0x21, 0xa5, 0x06, 0x31, 0x46, 0xc1, 0xd1, 0xd3,
  0x1b, 0xf8, 0xec, 0x03, 0x2f, 0x64, 0xb5, 0x4e, 0x0d, 0x99, 0x0d, 0x43,
  0xd0, 0x27, 0x08, 0xa4, 0x17, 0x36, 0x16, 0xf7, 0xe3, 0x11, 0xfb, 0x3a,
  0xc6, 0x2c, 0xb8, 0xce, 0xea, 0x51, 0x34, 0xc3, 0xc0, 0x08, 0xcd, 0x0e,
  0x17, 0x2f, 0x3b, 0x60, 0x33, 0x67, 0xf8, 0x46, 0xe3, 0x0c, 0xb9, 0x3f,
  0xb3, 0xba, 0xcc, 0x44, 0xa2, 0xeb, 0x26, 0xdf, 0x8e, 0x00, 0x43, 0x1f,
  0x3e, 0xbd, 0x50, 0xbe, 0xe2, 0x1f, 0xfd, 0xd6, 0x0c, 0xfa, 0x27, 0x29,
  0xba, 0x4f, 0xb5, 0x35, 0xf7, 0xa7, 0xf2, 0xcf, 0xa2, 0x3b, 0x7f, 0x67,
  0xc9, 0x29, 0xb1, 0x17, 0x35, 0x5b, 0xe1, 0xf0, 0xd2, 0xed, 0x10, 0x10,
  0x58, 0xf4, 0xf0, 0x63, 0x26, 0x41, 0x32, 0x61, 0x5b, 0x12, 0x29, 0xb5,
  0xec, 0x03, 0x51, 0x6b, 0x18, 0xb5, 0x7d, 0x55, 0x74, 0x05, 0xd4, 0x18,
  0xe1, 0xd9, 0xeb, 0xdf, 0x6a, 0xba, 0xc6, 0x36, 0x21, 0xdf, 0x3f, 0x69,
  0x62, 0xaa, 0x1e, 0x0a, 0x7f, 0x18, 0x65, 0xb8, 0xd1, 0x3e, 0x4f, 0xe5,
  0x1c, 0x01, 0xf1, 0x48, 0xfc, 0x38, 0xc9, 0xb9, 0x25, 0xae, 0x4f, 0xd1,
  0xfe, 0x15, 0xea, 0xbb, 0x57, 0xf4, 0xf4, 0xad, 0xd1, 0xe6, 0xe1, 0x34,
  0x70, 0xeb, 0xf8, 0x11, 0x98, 0xec, 0x1a, 0xf7, 0xca, 0xe3, 0xd2, 0x98,
  0x30, 0x3c, 0x0c, 0x94, 0xf5, 0xc0, 0xf7, 0xda, 0xf3, 0xe7, 0x2a, 0x1e,
  0x1e, 0xa3, 0xe3, 0x1b, 0x2f, 0xf1, 0x1e, 0x43, 0x4e, 0x18, 0xf8, 0x27,
  0x19, 0x1f, 0x1b, 0xe8, 0x9a, 0xea, 0x16, 0x39, 0xf0, 0x67, 0x16, 0x9c,
  0xc8, 0xe7, 0xbe, 0xdf, 0x02, 0x4e, 0x34, 0xc6, 0x69, 0x28, 0x6a, 0x11,
  0xf4, 0x23, 0xe9, 0x69, 0x1d, 0xf7, 0x08, 0x51, 0x45, 0x1c, 0xcf, 0xfe,
  0xe3, 0xde, 0x08, 0xf8, 0x0b, 0xc7, 0xf6, 0x49, 0xbd, 0xd3, 0x45, 0xb1,
  0x39, 0xd1, 0xf5, 0x1b, 0x06, 0xda, 0xdf, 0x1c, 0xdd, 0xc4, 0xe1, 0x0c,
  0xf6, 0xfe, 0xd8, 0x2e, 0x17, 0x4a, 0xdc, 0xfc, 0x12, 0x1f, 0xd2, 0xf4,
  0x04, 0xe2, 0x39, 0xf8, 0x1e, 0x4f, 0x01, 0x01, 0xf9, 0xe4, 0x47, 0x08,
  0x16, 0xfc, 0x0d, 0x0e, 0xec, 0xf8, 0xe9, 0xfe, 0x4f, 0x41, 0xd2, 0x46,
  0x3c, 0x05, 0xd2, 0x40, 0xec, 0xc7, 0x00, 0x00, 0x46, 0xa6, 0x38, 0x3c,
  0x25, 0xce, 0xf5, 0xfd, 0x19, 0xfc, 0x41, 0x31, 0x34, 0xf0, 0x81, 0x32,
  0xc2, 0x35, 0x05, 0x17, 0x38, 0x4d, 0xf8, 0xfc, 0x17, 0xd0, 0xdf, 0xe1,
  0x22, 0xe8, 0x34, 0x2b, 0xd9, 0x11, 0x1d, 0x4e, 0xf3, 0x58, 0x19, 0x7f,
  0xc8, 0x22, 0xb2, 0x01, 0xeb, 0x3b, 0x6e, 0x74, 0xca, 0x13, 0x3d, 0xe5,
  0x28, 0xc1, 0xc3, 0xba, 0x12, 0x03, 0xba, 0x31, 0xad, 0xf0, 0x66, 0xf9,
  0xca, 0xc0, 0x26, 0xfa, 0x3b, 0xc4, 0xf3, 0x68, 0x0c, 0xfb, 0x2c, 0xdf,
  0xb3, 0x41, 0xf1, 0x30, 0xf7, 0xd8, 0xc1, 0x1b, 0xf1, 0xe6, 0x08, 0xed,
  0x34, 0xdb, 0x09, 0xd8, 0xdc, 0xfd, 0x2f, 0x4e, 0xed, 0x12, 0xe9, 0x30,
  0xf7, 0xf6, 0xfd, 0x7a, 0xf6, 0x4c, 0x26, 0x3e, 0xab, 0xa8, 0x15, 0x3d,
  0x1e, 0x1a, 0xf5, 0x07, 0x31, 0xde, 0x16, 0x3b, 0xe1, 0x01, 0xde, 0x3b,
  0x30, 0xe3, 0xc8, 0xd8, 0xe2, 0x03, 0xfc, 0x07, 0x2f, 0xbe, 0x0b, 0x20,
  0x15, 0xf9, 0x00, 0xf2, 0x0b, 0x27, 0x21, 0xc3, 0xf1, 0xce, 0xb1, 0xeb,
  0xfe, 0x41, 0x12, 0x07, 0x08, 0x4f, 0xcc, 0x01, 0xf8, 0x04, 0x5f, 0xe8,
  0x18, 0xca, 0xb1, 0x25, 0xde, 0x3e, 0xf6, 0x12, 0xce, 0xc5, 0xd1, 0x1d,
  0xec, 0x2b, 0xd8, 0xb3, 0x22, 0xf0, 0xf1, 0x31, 0xf3, 0x7f, 0x07, 0x46,
  0xf7, 0x51, 0x3a, 0x1d, 0x1e, 0x29, 0xfd, 0xd7, 0x0d, 0xe7, 0x23, 0x5c,
  0x04, 0x0a, 0xdb, 0xc6, 0xf8, 0xc5, 0xd3, 0x2c, 0x04, 0xc5, 0xf2, 0xd9,
  0x20, 0x1f, 0xe4, 0xc1, 0xbd, 0xec, 0x11, 0xef, 0x86, 0xf2, 0xc2, 0x2a,
  0x40, 0xe3, 0xdf, 0x65, 0xd4, 0x18, 0xee, 0x9d, 0x59, 0x18, 0xfb, 0x09,
  0xea, 0x4c, 0x55, 0x3a, 0xec, 0xf3, 0x33, 0xd1, 0xe5, 0xfc, 0xae, 0x01,
  0x1a, 0xc1, 0x39, 0xd3, 0x17, 0x0b, 0x29, 0x1d, 0xba, 0xc2, 0xdd, 0xb9,
  0xd0, 0xca, 0x6e, 0x4e, 0x37, 0x19, 0x9c, 0xeb, 0xc5, 0x47, 0x55, 0x3b,
  0xdf, 0xf6, 0xb6, 0x19, 0x45, 0xfd, 0xff, 0x22, 0xb6, 0x2f, 0xce, 0x64,
  0x1c, 0x1d, 0x35, 0x65, 0xa7, 0x0d, 0x21, 0xb5, 0x98, 0x42, 0x5c, 0x14,
  0xcb, 0x30, 0xb5, 0xf9, 0xcd, 0x52, 0x22, 0xc9, 0xab, 0xda, 0x29, 0xe8,
  0x5e, 0x7f, 0x88, 0xae, 0xcf, 0xd2, 0xe6, 0x00, 0x11, 0xfd, 0xb1, 0x21,
  0xd8, 0x39, 0x3d, 0xe7, 0xce, 0xff, 0x0e, 0x2d, 0x4f, 0x45, 0xcb, 0x60,
  0x4d, 0x74, 0x36, 0xd2, 0xc9, 0x14, 0xcb, 0xbe, 0x66, 0x14, 0x8e, 0xff,
  0x0c, 0xea, 0xbd, 0x37, 0x89, 0x30, 0x0a, 0x8b, 0xcc, 0x48, 0x6a, 0xc3,
  0xc0, 0x2a, 0x11, 0x81, 0xd3, 0x32, 0x93, 0x25, 0x30, 0xdf, 0x45, 0x26,
  0x2d, 0x79, 0x5b, 0x76, 0x1f, 0xc6, 0x8e, 0x26, 0x10, 0xff, 0x2c, 0xfc,
  0xf9, 0x51, 0x0f, 0x07, 0x9f, 0x46, 0x3a, 0x48, 0x04, 0x3a, 0xc1, 0xcd,
  0x1c, 0x1a, 0xd3, 0x09, 0xfc, 0xd7, 0xef, 0x95, 0x24, 0x74, 0xd3, 0xb8,
  0x88, 0x7a, 0x00, 0x52, 0x27, 0x26, 0x60, 0xf1, 0x30, 0x76, 0xb1, 0x5d,
  0x34, 0x22, 0x55, 0xcd, 0x0f, 0xf1, 0x01, 0x47, 0xfb, 0x24, 0x3e, 0xbb,
  0xe7, 0x3e, 0xd3, 0xc7, 0xec, 0xe1, 0xf5, 0x00, 0x4c, 0x3d, 0xde, 0xcf,
  0xf8, 0x33, 0x0c, 0x00, 0x44, 0x44, 0x40, 0x35, 0xfe, 0xb9, 0x2e, 0x16,
  0xcf, 0x4b, 0xf3, 0xad, 0xe6, 0x2e, 0xb7, 0x13, 0x2f, 0xb7, 0xd6, 0x0d,
  0xf7, 0xab, 0x08, 0xf4, 0x2b, 0x7f, 0xe9, 0xbe, 0xc8, 0x1c, 0xc2, 0x3f,
  0x31, 0x11, 0x97, 0x0c, 0xd1, 0xd3, 0x1a, 0x3d, 0x33, 0xf5, 0xe5, 0x32,
  0x02, 0xc5, 0x4f, 0x8a, 0x25, 0x2a, 0x25, 0x9b, 0x18, 0xb8, 0x7f, 0x32,
  0xdc, 0x20, 0xc1, 0x20, 0x6a, 0xdd, 0xfc, 0xca, 0x58, 0x56, 0xef, 0x2d,
  0x33, 0xbf, 0xe7, 0xc5, 0x1f, 0x21, 0x49, 0xca, 0x33, 0x6e, 0xea, 0x01,
  0xd5, 0xdc, 0xf0, 0xe4, 0xc6, 0x19, 0xd2, 0xe7, 0x51, 0x81, 0x5f, 0x29,
  0x4b, 0xf1, 0xef, 0xaf, 0x15, 0xde, 0x28, 0xa5, 0xb8, 0x02, 0xa9, 0x43,
  0xee, 0xf2, 0x36, 0x10, 0x05, 0x1a, 0x50, 0x31, 0x9e, 0xe2, 0x9a, 0xdf,
  0xbe, 0xa3, 0xf8, 0x08, 0x04, 0x97, 0x48, 0x07, 0xfd, 0x1d, 0x6e, 0x04,
  0xd9, 0xf6, 0x20, 0x03, 0xd6, 0x1d, 0x02, 0x17, 0xc1, 0x33, 0xf7, 0xa6,
  0x12, 0x05, 0x2b, 0x05, 0xa2, 0x1a, 0xf1, 0xe1, 0xb2, 0xf6, 0xb5, 0xeb,
  0x27, 0xd0, 0x37, 0x40, 0xb9, 0xa8, 0xf2, 0xd0, 0x8e, 0x12, 0x6b, 0xfd,
  0x6a, 0x44, 0x05, 0xf4, 0x45, 0x45, 0x5e, 0xfc, 0xb4, 0xaf, 0xd2, 0xa7,
  0x0a, 0xd8, 0xe9, 0xc8, 0xbc, 0x21, 0x16, 0x5d, 0x0c, 0xf3, 0xc6, 0x81,
  0x0a, 0x30, 0xe9, 0xa9, 0x1f, 0x64, 0x13, 0xd8, 0x45, 0xf3, 0xf1, 0x46,
  0xda, 0xd5, 0xf2, 0x5f, 0x0f, 0xd6, 0xa2, 0x0a, 0x19, 0x09, 0xbe, 0x60,
  0x00, 0x3c, 0x5b, 0x8a, 0x0d, 0x44, 0xfc, 0xcf, 0x3b, 0xa7, 0xb5, 0xfd,
  0x0f, 0xd8, 0xfe, 0xfc, 0xfb, 0x21, 0x13, 0x17, 0x99, 0x0d, 0x4c, 0x0a,
  0xb5, 0xf6, 0xcc, 0xbd, 0x0c, 0xf6, 0x10, 0xa8, 0xcb, 0x90, 0xfe, 0x00,
  0xec, 0xfb, 0xf1, 0xc6, 0xd0, 0x3e, 0x2f, 0x37, 0x41, 0x0b, 0xec, 0xe6,
  0x1b, 0xba, 0x60, 0x08, 0x09, 0xa1, 0x2d, 0x04, 0x2f, 0xdb, 0xe7, 0x0d,
  0xf8, 0xd3, 0xd4, 0xd5, 0x2f, 0x49, 0xd4, 0xd0, 0xeb, 0x60, 0xeb, 0xf8,
  0xc7, 0x64, 0xb0, 0x00, 0xdc, 0x09, 0xea, 0xea, 0xf8, 0xbc, 0x1c, 0xca,
  0x36, 0xa5, 0x28, 0x1a, 0xfb, 0xca, 0xf1, 0x10, 0x32, 0xe3, 0xf8, 0x0c,
  0xbf, 0x16, 0xf0, 0x3c, 0x16, 0x0d, 0xf4, 0xb4, 0x1a, 0x7f, 0xf1, 0xd5,
  0x3c, 0xb6, 0x32, 0x13, 0xc4, 0xca, 0x4d, 0xe1, 0xdb, 0x0d, 0xc3, 0x10,
  0xed, 0xfb, 0xb9, 0xfa, 0xfd, 0x44, 0x06, 0x56, 0xa9, 0x1b, 0x54, 0xce,
  0xe5, 0xc4, 0xd6, 0xde, 0x0c, 0xc6, 0xaf, 0x0f, 0x43, 0x16, 0x49, 0x20,
  0x26, 0x64, 0x1d, 0x2b, 0x1f, 0xfb, 0xed, 0xf2, 0xe4, 0x17, 0xf4, 0xd1,
  0x9e, 0x31, 0x08, 0x3a, 0x1f, 0x0c, 0x2b, 0x32, 0x4c, 0x4a, 0x81, 0x28,
  0x36, 0xe6, 0x52, 0x36, 0x0b, 0x1f, 0xdc, 0x4c, 0xff, 0xf2, 0x9d, 0xb3,
  0x2d, 0x37, 0xeb, 0x58, 0x0c, 0xbf, 0x3a, 0xef, 0xc9, 0xc3, 0x51, 0xf2,
  0x40, 0xa3, 0x15, 0xb9, 0x05, 0x44, 0xaf, 0x0b, 0xb8, 0x18, 0x62, 0xd1,
  0xac, 0xaa, 0x39, 0xe3, 0x4e, 0xf0, 0xb3, 0xae, 0x50, 0x1e, 0x2f, 0x2b,
  0xed, 0xc3, 0x33, 0x36, 0x93, 0x4c, 0xe9, 0x02, 0x01, 0xc8, 0xfb, 0xfa,
  0x15, 0x27, 0xaf, 0xc5, 0xde, 0xd8, 0x26, 0xdb, 0xd3, 0x1c, 0xed, 0xbf,
  0x28, 0x16, 0xcf, 0xba, 0x59, 0x30, 0xfa, 0xd1, 0xd2, 0x9b, 0xff, 0x11,
  0x4b, 0xa5, 0xb4, 0xc3, 0xdf, 0xfb, 0x47, 0x2a, 0xd8, 0x05, 0x0e, 0x7f,
  0xec, 0xd0, 0x2a, 0x25, 0xef, 0x09, 0xe2, 0x23, 0xd5, 0xb3, 0xa5, 0xe3,
  0xdb, 0x44, 0x4f, 0xd9, 0xc0, 0xde, 0x69, 0xb4, 0x3d, 0xb1, 0xab, 0x1e,
  0x8c, 0x66, 0x09, 0x67, 0x03, 0x0f, 0x3a, 0xd8, 0xf8, 0xf3, 0x10, 0x16,
  0x67, 0xb9, 0xbb, 0x1c, 0xfb, 0x45, 0xbe, 0x1b, 0x4f, 0xfb, 0xda, 0xfd,
  0xfd, 0x34, 0x60, 0xbb, 0x4a, 0xe8, 0xf3, 0x44, 0x9e, 0x5f, 0xfc, 0xd2,
  0xc6, 0x1a, 0x7b, 0x50, 0x0e, 0xdc, 0xec, 0x5a, 0x49, 0xc6, 0xe5, 0xc0,
  0x05, 0xad, 0x4a, 0x81, 0x41, 0x21, 0x32, 0xe2, 0x4e, 0xe8, 0xe6, 0x42,
  0x92, 0xc9, 0x2d, 0x7a, 0x2f, 0xa4, 0x87, 0x52, 0x6b, 0xd0, 0x77, 0xfd,
  0xbb, 0xfd, 0x4a, 0x03, 0xfc, 0x07, 0x31, 0x2f, 0xa4, 0x54, 0xd3, 0xc0,
  0xb7, 0xc1, 0xd1, 0x2e, 0x25, 0xf4, 0x11, 0x01, 0xf9, 0x34, 0xa0, 0x60,
  0x6b, 0x49, 0xc9, 0x9e, 0xc7, 0x11, 0x06, 0x02, 0xc1, 0x1a, 0xfc, 0x55,
  0x3b, 0x25, 0xc8, 0xd2, 0xff, 0x30, 0x59, 0xdc, 0xb3, 0x44, 0xd9, 0x48,
  0xca, 0xbc, 0x4e, 0xdc, 0xe3, 0x03, 0x17, 0x2e, 0xe4, 0xf2, 0x21, 0xd6,
  0xfe, 0xda, 0x46, 0x24, 0x4f, 0x4d, 0x7f, 0x2e, 0x11, 0x11, 0xee, 0x7a,
  0xc6, 0xea, 0xfa, 0x48, 0x3a, 0xee, 0xaa, 0x44, 0x0a, 0x8a, 0xfc, 0xc8,
  0x3c, 0x02, 0xbd, 0xb4, 0xd4, 0x17, 0xf4, 0xf2, 0x3f, 0x98, 0xe7, 0xc9,
  0xd0, 0xc6, 0x0d, 0x4b, 0x44, 0x24, 0x5f, 0xd5, 0x2f, 0xc5, 0x33, 0xbf,
  0xf4, 0x23, 0x50, 0x28, 0x23, 0x02, 0x01, 0xb7, 0x37, 0x33, 0x41, 0xd0,
  0xc0, 0xcb, 0x48, 0x57, 0x23, 0x26, 0x1d, 0x7d, 0xe2, 0x22, 0xca, 0xc0,
  0xd6, 0x0c, 0xeb, 0x26, 0x62, 0xe3, 0x22, 0xa8, 0xec, 0x54, 0x2a, 0x30,
  0xc1, 0x21, 0x43, 0xb4, 0x14, 0x9c, 0xad, 0x30, 0xa1, 0x37, 0xaf, 0xec,
  0xe1, 0xce, 0x66, 0x7c, 0x32, 0xfd, 0x49, 0xce, 0x17, 0x31, 0x42, 0xaa,
  0x31, 0xf4, 0x05, 0x26, 0xe6, 0xad, 0xfd, 0x30, 0x14, 0x12, 0xea, 0xf9,
  0xd7, 0xc9, 0xcb, 0xca, 0x01, 0x03, 0xe3, 0x56, 0x33, 0x25, 0x53, 0xc7,
  0x2e, 0x51, 0xda, 0xc8, 0x2d, 0xc2, 0x03, 0x18, 0xcd, 0xd9, 0xe5, 0x62,
  0xef, 0xaf, 0xdc, 0x36, 0x45, 0x17, 0xeb, 0xab, 0xfe, 0x81, 0x10, 0xeb,
  0x14, 0x26, 0x54, 0xf0, 0xbf, 0xce, 0xf3, 0xce, 0xc7, 0xbc, 0xc0, 0xeb,
  0x1e, 0x1a, 0xdd, 0x4a, 0xb4, 0x3c, 0x1a, 0x48, 0xbe, 0x37, 0x4f, 0xe3,
  0x1b, 0xf2, 0xd0, 0x4b, 0xd6, 0x21, 0xc1, 0xb5, 0xb8, 0x44, 0x1d, 0x24,
  0xe9, 0x13, 0x5a, 0x52, 0x2e, 0x81, 0xe2, 0x29, 0xeb, 0xf2, 0xfb, 0x23,
  0xdd, 0xa8, 0xe6, 0x20, 0xda, 0x24, 0xbb, 0xeb, 0x04, 0xe7, 0xf4, 0x94,
  0x0c, 0xdd, 0x23, 0x0b, 0x2a, 0x47, 0x68, 0x8f, 0xfb, 0xb1, 0x32, 0xe2,
  0x2c, 0xbf, 0xfb, 0x0f, 0x16, 0x1e, 0x08, 0xa0, 0xf2, 0xcd, 0xf7, 0x49,
  0xff, 0xc2, 0x10, 0xc8, 0xf2, 0xd8, 0x17, 0xf0, 0x21, 0x2b, 0x01, 0xea,
  0xe6, 0x3d, 0x5d, 0xa8, 0xf6, 0xf4, 0x31, 0xda, 0xf0, 0xb6, 0x45, 0x25,
  0xce, 0xd3, 0x2a, 0xb3, 0xeb, 0xc0, 0x17, 0x2e, 0x02, 0x0c, 0x25, 0x28,
  0x40, 0x1a, 0x28, 0xdc, 0x69, 0xf7, 0xf5, 0x1f, 0xde, 0xe9, 0x0f, 0x9f,
  0xfb, 0x41, 0xab, 0x45, 0xd5, 0xc0, 0x3e, 0xff, 0x1b, 0xe9, 0x03, 0x93,
  0xc3, 0xc2, 0x12, 0x13, 0x02, 0x36, 0x51, 0x19, 0xf0, 0x9d, 0xcc, 0xed,
  0xed, 0xd6, 0xd0, 0x09, 0xef, 0x32, 0x2a, 0x81, 0x02, 0xd7, 0xbf, 0x2f,
  0xfb, 0xa7, 0xce, 0xd5, 0x1e, 0x18, 0xbc, 0x21, 0xf1, 0x0e, 0x5c, 0x38,
  0x12, 0x3c, 0xe6, 0xce, 0x5e, 0xdc, 0x3f, 0x3f, 0xfe, 0xeb, 0xba, 0xe7,
  0xd3, 0xe5, 0x22, 0xf3, 0xcf, 0x32, 0xf1, 0x53, 0x2a, 0x12, 0x56, 0x22,
  0xfa, 0x65, 0x33, 0x00, 0xb2, 0xec, 0x67, 0x4a, 0x34, 0xd2, 0x08, 0xa2,
  0x06, 0x2c, 0x28, 0xcb, 0x34, 0x1c, 0xba, 0x0d, 0x27, 0xfb, 0x09, 0x93,
  0xe5, 0x07, 0x2b, 0x43, 0xf8, 0x1a, 0x4a, 0xff, 0xe9, 0x21, 0x30, 0xfa,
  0x27, 0x29, 0x13, 0xa7, 0x34, 0xea, 0xc4, 0xfe, 0xd3, 0x33, 0x65, 0xea,
  0x03, 0xc5, 0x27, 0x64, 0xde, 0xc3, 0xae, 0xad, 0x11, 0xb8, 0x46, 0xd4,
  0xb2, 0x37, 0xfe, 0x30, 0x04, 0xf8, 0xa3, 0x54, 0x56, 0x28, 0x22, 0x2b,
  0x09, 0x09, 0xc7, 0xb8, 0x9f, 0x4d, 0xc4, 0x97, 0xc7, 0x9e, 0xea, 0x2c,
  0xbf, 0x4b, 0x93, 0xe2, 0x1c, 0x1f, 0x12, 0xd2, 0x6a, 0xe3, 0x60, 0x27,
  0x34, 0x47, 0xcf, 0xd4, 0x0a, 0xed, 0x4d, 0xf1, 0x6a, 0xd1, 0xd5, 0x13,
  0x1a, 0x3b, 0x09, 0x1f, 0xef, 0x00, 0x1c, 0x26, 0x21, 0x4c, 0x81, 0xb2,
  0xef, 0x00, 0x6c, 0x53, 0x04, 0x07, 0x51, 0x38, 0xa0, 0x57, 0x16, 0xd6,
  0xbe, 0xae, 0x04, 0xc2, 0x9b, 0xd4, 0xdc, 0x1a, 0xfa, 0xa3, 0x28, 0x23,
  0x29, 0x9a, 0xaf, 0xd2, 0x0a, 0x2a, 0x24, 0x99, 0xcb, 0xf6, 0xea, 0x4b,
  0xd9, 0x35, 0xf0, 0x42, 0xab, 0x0e, 0x14, 0x16, 0xd4, 0xfb, 0xf4, 0xde,
  0x33, 0x2e, 0xd7, 0xc4, 0x34, 0xf5, 0x1c, 0x39, 0xde, 0xda, 0x38, 0x20,
  0xf6, 0x53, 0x63, 0x0f, 0xce, 0xef, 0x3b, 0x5b, 0xd3, 0xc1, 0x00, 0xe3,
  0xd4, 0x07, 0xd9, 0xb4, 0x02, 0x07, 0x59, 0x32, 0x5e, 0xef, 0x61, 0x21,
  0xfd, 0x2f, 0xea, 0xff, 0x28, 0xc6, 0xf4, 0xe4, 0x35, 0x1d, 0x08, 0xea,
  0xeb, 0x22, 0x4d, 0x7f, 0x2e, 0x4e, 0xe4, 0xdb, 0x04, 0xe6, 0x27, 0x1b,
  0xeb, 0xbf, 0x5e, 0x51, 0x2d, 0xca, 0x44, 0xf5, 0x08, 0x4e, 0x96, 0x25,
  0xff, 0xd3, 0x1a, 0xab, 0xcf, 0x1d, 0xc7, 0x5e, 0x34, 0x3f, 0xfd, 0x03,
  0x00, 0xc0, 0x54, 0x24, 0x37, 0xe1, 0xd0, 0x2a, 0xf1, 0xaa, 0x3c, 0x38,
  0x07, 0x1c, 0x23, 0x38, 0xf4, 0xe0, 0xfd, 0x19, 0xbf, 0x24, 0x22, 0x38,
  0xdf, 0x2e, 0x52, 0x50, 0xcd, 0x0d, 0x54, 0xfb, 0xf9, 0xd8, 0x2c, 0xce,
  0x52, 0xde, 0x2f, 0xc6, 0x19, 0xe4, 0x51, 0x42, 0x0c, 0xaf, 0x35, 0x38,
  0xc7, 0x1e, 0x06, 0x4e, 0x1b, 0xe7, 0x22, 0x07, 0x35, 0xd3, 0x7f, 0xf8,
  0x19, 0x20, 0xe7, 0xd0, 0xea, 0xd4, 0xab, 0x2c, 0x55, 0x0b, 0xca, 0xe7,
  0xcb, 0x1c, 0x66, 0x7f, 0x06, 0xbe, 0x38, 0x0a, 0x39, 0xc2, 0xd3, 0x27,
  0xd7, 0xe5, 0xa1, 0x99, 0xf8, 0xc3, 0x5e, 0x2c, 0x95, 0x19, 0x54, 0x2b,
  0xd7, 0x15, 0x3b, 0x5d, 0xcc, 0x2a, 0x35, 0xa1, 0x18, 0xcc, 0x2c, 0x71,
  0xdd, 0x04, 0xe3, 0xac, 0x2f, 0x07, 0x38, 0x0f, 0xd6, 0xd5, 0x31, 0xd5,
  0xcc, 0x59, 0xfc, 0xb5, 0xdc, 0xed, 0xef, 0x63, 0xc8, 0xc5, 0x3a, 0xf3,
  0x0b, 0x5e, 0xd9, 0xf3, 0xde, 0xcb, 0x05, 0xcc, 0x50, 0x23, 0x3a, 0xd8,
  0xe5, 0x97, 0x1b, 0x1d, 0xd9, 0x11, 0xb5, 0x08, 0xf2, 0x60, 0x3a, 0x1c,
  0x23, 0x43, 0x33, 0xf1, 0xb8, 0x06, 0x01, 0x2d, 0x14, 0x56, 0xdc, 0xff,
  0xe4, 0xe9, 0xbb, 0xfe, 0x1b, 0x44, 0x31, 0xf2, 0x13, 0x08, 0xa7, 0x19,
  0xce, 0xf4, 0x54, 0x11, 0x54, 0x4a, 0xfa, 0x6c, 0x49, 0xdb, 0x9a, 0xa9,
  0x4c, 0xfc, 0xd0, 0xd3, 0xed, 0x19, 0xb3, 0xde, 0x0c, 0xe7, 0x41, 0x06,
  0x25, 0xd1, 0xc0, 0xe5, 0xe3, 0x38, 0xb9, 0x43, 0xf9, 0x4a, 0x31, 0x25,
  0x49, 0xbc, 0x4a, 0x4e, 0x0e, 0x56, 0xd5, 0xfe, 0xa7, 0x7f, 0x38, 0x63,
  0xf6, 0x3e, 0xc2, 0xd4, 0x46, 0xe4, 0xfd, 0xc9, 0x31, 0xab, 0x35, 0xd3,
  0x64, 0x2f, 0xf0, 0x4c, 0x04, 0x74, 0x37, 0x24, 0xe7, 0xd1, 0x22, 0xef,
  0x20, 0x13, 0xad, 0xfc, 0x08, 0xa3, 0x12, 0x10, 0x24, 0x26, 0xda, 0x05,
  0x29, 0x48, 0x0c, 0x60, 0xc8, 0x09, 0x0a, 0xb5, 0xf0, 0xab, 0xce, 0xd5,
  0xad, 0x42, 0x2a, 0x3d, 0x07, 0xb1, 0x52, 0xda, 0x7f, 0x61, 0x97, 0x22,
  0x3a, 0x27, 0xa2, 0x35, 0x0c, 0xd7, 0xca, 0x42, 0xc8, 0xbd, 0x2a, 0xca,
  0xec, 0xed, 0x46, 0x3d, 0xd2, 0x19, 0xf8, 0xee, 0xd3, 0x78, 0xff, 0x10,
  0x4b, 0x12, 0xfe, 0xec, 0x7e, 0x29, 0xaf, 0x9b, 0xef, 0xd5, 0x01, 0xdf,
  0x40, 0x4c, 0x14, 0xd2, 0xd2, 0x28, 0x3b, 0xbb, 0x10, 0xe9, 0xd4, 0x4c,
  0x0e, 0x07, 0xca, 0x04, 0xf1, 0x58, 0x17, 0x15, 0x2c, 0x01, 0x64, 0xdf,
  0x1e, 0x01, 0x9e, 0xf3, 0xcd, 0x1e, 0x44, 0x07, 0x14, 0xfe, 0xa3, 0xd8,
  0xee, 0xf9, 0x10, 0x28, 0x07, 0x44, 0x1a, 0x06, 0x13, 0x19, 0xac, 0x7f,
  0x1e, 0xc1, 0x30, 0xcf, 0x0b, 0xe4, 0x50, 0x15, 0xf7, 0x50, 0x44, 0xf1,
  0xd0, 0xb9, 0xbf, 0xa9, 0x56, 0x4d, 0xb2, 0xf7, 0xc7, 0x1d, 0x67, 0xd3,
  0x13, 0xd6, 0xfe, 0x2e, 0x01, 0x1a, 0x14, 0xf3, 0x17, 0x29, 0xe1, 0xc8,
  0xd6, 0x46, 0x0a, 0x34, 0xf9, 0xba, 0x21, 0xd4, 0xa9, 0x4d, 0x98, 0xe2,
  0x5a, 0x04, 0x48, 0x17, 0xee, 0xba, 0xe4, 0x1d, 0xba, 0xf9, 0xca, 0x3f,
  0x62, 0xf9, 0xa3, 0xe5, 0xc5, 0x0c, 0x3a, 0x2f, 0x9e, 0x38, 0x51, 0x40,
  0x3a, 0x47, 0x66, 0x3c, 0x28, 0x2f, 0xc3, 0x40, 0x5f, 0xd6, 0x51, 0x0a,
  0x52, 0x27, 0x93, 0xb7, 0x42, 0xc3, 0x9b, 0x69, 0x41, 0xde, 0x47, 0x38,
  0xeb, 0xb4, 0x37, 0x04, 0xfa, 0xaa, 0x81, 0x30, 0xfe, 0x20, 0x56, 0xc9,
  0x46, 0x2a, 0xc1, 0xe1, 0xde, 0xc0, 0xce, 0x14, 0xb8, 0xaf, 0xa7, 0xf8,
  0x5d, 0xee, 0x1c, 0x65, 0xe3, 0xb4, 0x1a, 0x4b, 0xe7, 0x53, 0x44, 0xea,
  0xbe, 0xd8, 0xad, 0x47, 0x0e, 0xa5, 0x18, 0x9b, 0xb6, 0x1a, 0xaf, 0x15,
  0xfb, 0xec, 0x1b, 0xce, 0xa0, 0x47, 0xdd, 0xc8, 0x47, 0xbe, 0x1d, 0x63,
  0x27, 0xe0, 0xba, 0x2b, 0x25, 0xbd, 0xdd, 0x0a, 0xf2, 0x9c, 0xec, 0xde,
  0x25, 0xc8, 0x38, 0x1b, 0xfc, 0x3c, 0x3b, 0x32, 0xca, 0x31, 0x43, 0x0d,
  0xbb, 0x39, 0xb2, 0xe8, 0x19, 0x49, 0xe5, 0x2c, 0x38, 0xe6, 0xcc, 0x3c,
  0xc6, 0xd6, 0xf9, 0x24, 0x24, 0xe4, 0x91, 0x0a, 0x65, 0x00, 0x81, 0xb2,
  0x29, 0xf5, 0x17, 0x45, 0x0d, 0x0e, 0xe1, 0x56, 0x34, 0x49, 0x4f, 0xbe,
  0x3d, 0x22, 0xea, 0x78, 0xbd, 0xbe, 0x4c, 0x18, 0x1a, 0x66, 0xf6, 0x48,
  0xb3, 0x21, 0x1f, 0x3c, 0x62, 0x04, 0xfb, 0x0b, 0x09, 0xd3, 0x08, 0x0b,
  0xcb, 0xed, 0xb2, 0xe6, 0x1b, 0xf7, 0xd2, 0x25, 0xb2, 0x0c, 0x28, 0x2f,
  0xbd, 0xe4, 0xb8, 0x53, 0x09, 0xce, 0x53, 0xdf, 0x46, 0x2f, 0x19, 0xd2,
  0x3d, 0x17, 0xc1, 0xea, 0x5a, 0x09, 0x5c, 0xe5, 0x51, 0xb6, 0x17, 0x1f,
  0x74, 0x23, 0x31, 0xd4, 0x0d, 0x6a, 0xec, 0x46, 0x18, 0x42, 0x4a, 0xaf,
  0x11, 0xe7, 0x3c, 0x48, 0xd4, 0x17, 0x2e, 0xd0, 0xe4, 0x7f, 0x13, 0x4d,
  0x5b, 0x9e, 0xf6, 0xeb, 0xfa, 0xa0, 0xe6, 0xef, 0x4c, 0xf8, 0x29, 0x28,
  0xd9, 0xda, 0xce, 0xfe, 0x16, 0x16, 0x5f, 0xbd, 0x40, 0x09, 0xf9, 0x7e,
  0x3d, 0xc9, 0x3e, 0xb8, 0x43, 0xfd, 0x97, 0xb6, 0x14, 0x0d, 0xdb, 0x3c,
  0xfa, 0x18, 0x1e, 0x07, 0xd5, 0x06, 0x10, 0x0b, 0xc2, 0x55, 0xbb, 0x41,
  0xed, 0x14, 0x21, 0x10, 0xa2, 0x07, 0x2d, 0xd8, 0xc8, 0x2d, 0xeb, 0xbc,
  0x29, 0xd9, 0xe9, 0xf4, 0xf4, 0xe5, 0x48, 0xb4, 0x12, 0xd2, 0xfe, 0x2d,
  0x69, 0x61, 0x38, 0x3c, 0x70, 0xf8, 0x19, 0xd8, 0xca, 0xf2, 0x5f, 0xe5,
  0xda, 0x0f, 0x24, 0x58, 0xa3, 0xda, 0xf0, 0x46, 0x10, 0xf8, 0xf5, 0x7f,
  0x25, 0xcd, 0x0b, 0xe3, 0x28, 0x06, 0xa6, 0xf6, 0x24, 0xc7, 0xea, 0xc9,
  0xff, 0x6a, 0x93, 0x54, 0x38, 0xc5, 0x63, 0x47, 0x76, 0xad, 0xd6, 0x2e,
  0xe0, 0x3c, 0xaf, 0xc6, 0xd6, 0x94, 0x24, 0xc3, 0x51, 0xdc, 0xcc, 0x4f,
  0x1f, 0x4e, 0x17, 0xda, 0xfc, 0x25, 0x12, 0x05, 0xc9, 0xc3, 0x1c, 0x6a,
  0x35, 0x65, 0x64, 0xd7, 0x28, 0x92, 0xd2, 0x03, 0xca, 0xb7, 0x8f, 0x02,
  0x32, 0x3b, 0x56, 0x36, 0xea, 0x18, 0xf5, 0xaa, 0x2d, 0xb8, 0xee, 0xd6,
  0xc9, 0x40, 0x1c, 0x1f, 0xdb, 0xc4, 0xf0, 0xb3, 0xfb, 0xd2, 0xec, 0xfd,
  0xf3, 0x27, 0x05, 0x04, 0x32, 0x33, 0x1c, 0x05, 0x75, 0x50, 0x34, 0xb9,
  0x25, 0x45, 0x58, 0x18, 0xed, 0xf2, 0x3c, 0xf4, 0x2e, 0x17, 0x4b, 0x33,
  0x2a, 0x6a, 0xd3, 0x68, 0xc3, 0xfa, 0x23, 0xe0, 0xab, 0xa6, 0x46, 0xa1,
  0x14, 0x27, 0x1a, 0xfb, 0x75, 0x49, 0xdf, 0xab, 0x13, 0xf5, 0x00, 0xe1,
  0x4d, 0x29, 0xbb, 0x00, 0x42, 0xa7, 0xb7, 0xa7, 0x0f, 0x5e, 0xc5, 0x28,
  0x4d, 0xaf, 0x01, 0xe4, 0x81, 0xd3, 0x51, 0xf2, 0xc8, 0x37, 0x5e, 0xe0,
  0xd2, 0x75, 0xb6, 0xa6, 0xe3, 0x5b, 0xd9, 0xfe, 0x16, 0xd4, 0x2a, 0xff,
  0xee, 0x11, 0x18, 0x1b, 0xd6, 0x0e, 0x27, 0x16, 0xea, 0x22, 0x0b, 0x05,
  0xf9, 0x3e, 0xf5, 0xef, 0x38, 0x2f, 0x04, 0xfa, 0xf6, 0x03, 0xc3, 0xda,
  0xfc, 0x7f, 0xe7, 0xdd, 0xfd, 0x17, 0x1a, 0x16, 0x19, 0x03, 0x04, 0x19,
  0x47, 0xec, 0x3c, 0xdc, 0xdc, 0xfc, 0xfa, 0x27, 0xf9, 0xdc, 0x13, 0xef,
  0x18, 0x16, 0xff, 0x3c, 0xf6, 0xdd, 0xdb, 0xe1, 0xf6, 0x69, 0x38, 0xd2,
  0xeb, 0x3e, 0xef, 0x41, 0x02, 0x01, 0x27, 0xe1, 0x2b, 0x3a, 0xdd, 0x20,
  0x4f, 0x41, 0xd8, 0x14, 0x1f, 0xf6, 0x12, 0x2d, 0xdd, 0xe6, 0xcf, 0x16,
  0xcc, 0x0f, 0xcc, 0xf0, 0x7e, 0xfa, 0xff, 0xff, 0x04, 0x00, 0x00, 0x00,
  0x40, 0x00, 0x00, 0x00, 0xc6, 0xff, 0xff, 0xff, 0xe0, 0xff, 0xff, 0xff,
  0x75, 0x00, 0x00, 0x00, 0x1b, 0x01, 0x00, 0x00, 0x7e, 0xff, 0xff, 0xff,
  0xe6, 0xff, 0xff, 0xff, 0x58, 0xff, 0xff, 0xff, 0x2b, 0x00, 0x00, 0x00,
  0xe8, 0xff, 0xff, 0xff, 0xaf, 0x00, 0x00, 0x00, 0x00, 0xff, 0xff, 0xff,
  0x33, 0x00, 0x00, 0x00, 0x69, 0x00, 0x00, 0x00, 0xa4, 0x00, 0x00, 0x00,
  0x11, 0x00, 0x00, 0x00, 0x8c, 0x00, 0x00, 0x00, 0xca, 0xfa, 0xff, 0xff,
  0x04, 0x00, 0x00, 0x00, 0x80, 0x00, 0x00, 0x00, 0x35, 0x10, 0x00, 0x00,
  0x8a, 0x0e, 0x00, 0x00, 0x71, 0x1a, 0x00, 0x00, 0x4f, 0xf8, 0xff, 0xff,
  0x38, 0x11, 0x00, 0x00, 0x58, 0x12, 0x00, 0x00, 0x56, 0xed, 0xff, 0xff,
  0x2c, 0x08, 0x00, 0x00, 0xef, 0x04, 0x00, 0x00, 0xb5, 0xf4, 0xff, 0xff,
  0xb4, 0x12, 0x00, 0x00, 0xc5, 0x09, 0x00, 0x00, 0x35, 0xfb, 0xff, 0xff,
  0x7b, 0x16, 0x00, 0x00, 0x00, 0xf5, 0xff, 0xff, 0x1f, 0x05, 0x00, 0x00,
  0xac, 0xe9, 0xff, 0xff, 0x8f, 0x0b, 0x00, 0x00, 0x4f, 0x0d, 0x00, 0x00,
  0xfe, 0x18, 0x00, 0x00, 0x11, 0x02, 0x00, 0x00, 0xfd, 0xf9, 0xff, 0xff,
  0xe9, 0x05, 0x00, 0x00, 0x99, 0xfc, 0xff, 0xff, 0x18, 0x0e, 0x00, 0x00,
  0x72, 0xdb, 0xff, 0xff, 0x06, 0x12, 0x00, 0x00, 0x61, 0x0d, 0x00, 0x00,
  0xc4, 0x08, 0x00, 0x00, 0x1b, 0x06, 0x00, 0x00, 0x7d, 0x0f, 0x00, 0x00,
  0x54, 0xf5, 0xff, 0xff, 0x56, 0xfb, 0xff, 0xff, 0x04, 0x00, 0x00, 0x00,
  0x00, 0x01, 0x00, 0x00, 0xe5, 0x0c, 0x00, 0x00, 0xb6, 0xfe, 0xff, 0xff,
  0xc6, 0x01, 0x00, 0x00, 0xf8, 0x18, 0x00, 0x00, 0x90, 0x04, 0x00, 0x00,
  0xdf, 0x02, 0x00, 0x00, 0x06, 0x02, 0x00, 0x00, 0xa4, 0x11, 0x00, 0x00,
  0xd6, 0x11, 0x00, 0x00, 0x10, 0x0b, 0x00, 0x00, 0xc5, 0xfb, 0xff, 0xff,
  0xaa, 0xfb, 0xff, 0xff, 0x26, 0xfc, 0xff, 0xff, 0x8c, 0xf5, 0xff, 0xff,
  0xc9, 0xfb, 0xff, 0xff, 0xbe, 0xf9, 0xff, 0xff, 0xec, 0x05, 0x00, 0x00,
  0xe6, 0xeb, 0xff, 0xff, 0xa0, 0x04, 0x00, 0x00, 0xd8, 0xfa, 0xff, 0xff,
  0xb3, 0x16, 0x00, 0x00, 0x9a, 0xec, 0xff, 0xff, 0xed, 0xfe, 0xff, 0xff,
  0x6d, 0xfd, 0xff, 0xff, 0x5e, 0x02, 0x00, 0x00, 0xd2, 0xec, 0xff, 0xff,
  0xd2, 0xfb, 0xff, 0xff, 0x1f, 0x01, 0x00, 0x00, 0x77, 0xfa, 0xff, 0xff,
  0x3f, 0x09, 0x00, 0x00, 0xc4, 0xfa, 0xff, 0xff, 0x82, 0x00, 0x00, 0x00,
  0x10, 0xff, 0xff, 0xff, 0x2d, 0xec, 0xff, 0xff, 0x09, 0xfa, 0xff, 0xff,
  0x8d, 0xf9, 0xff, 0xff, 0xa3, 0xf4, 0xff, 0xff, 0x61, 0x02, 0x00, 0x00,
  0x06, 0x05, 0x00, 0x00, 0x14, 0xfc, 0xff, 0xff, 0x68, 0xf9, 0xff, 0xff,
  0x27, 0x02, 0x00, 0x00, 0x51, 0x0d, 0x00, 0x00, 0xb1, 0x05, 0x00, 0x00,
  0xa4, 0xff, 0xff, 0xff, 0xf6, 0xfc, 0xff, 0xff, 0x76, 0xff, 0xff, 0xff,
  0x20, 0xf5, 0xff, 0xff, 0x3f, 0xfe, 0xff, 0xff, 0x38, 0x08, 0x00, 0x00,
  0x87, 0x00, 0x00, 0x00, 0x79, 0xf9, 0xff, 0xff, 0x94, 0xfb, 0xff, 0xff,
  0x5c, 0xec, 0xff, 0xff, 0x8f, 0xfb, 0xff, 0xff, 0x04, 0xf0, 0xff, 0xff,
  0x53, 0xff, 0xff, 0xff, 0xf4, 0xf5, 0xff, 0xff, 0x87, 0x09, 0x00, 0x00,
  0x7f, 0xf7, 0xff, 0xff, 0x70, 0xf7, 0xff, 0xff, 0x7f, 0xf2, 0xff, 0xff,
  0x4d, 0xfe, 0xff, 0xff, 0xbd, 0xf1, 0xff, 0xff, 0xc4, 0xee, 0xff, 0xff,
  0xc8, 0xee, 0xff, 0xff, 0xcc, 0xee, 0xff, 0xff, 0x0f, 0x00, 0x00, 0x00,
  0x4d, 0x4c, 0x49, 0x52, 0x20, 0x43, 0x6f, 0x6e, 0x76, 0x65, 0x72, 0x74,
  0x65, 0x64, 0x2e, 0x00, 0x01, 0x00, 0x00, 0x00, 0x14, 0x00, 0x00, 0x00,
  0x00, 0x00, 0x0e, 0x00, 0x18, 0x00, 0x14, 0x00, 0x10, 0x00, 0x0c, 0x00,
  0x08, 0x00, 0x04, 0x00, 0x0e, 0x00, 0x00, 0x00, 0x14, 0x00, 0x00, 0x00,
  0x1c, 0x00, 0x00, 0x00, 0x24, 0x04, 0x00, 0x00, 0x28, 0x04, 0x00, 0x00,
  0x30, 0x04, 0x00, 0x00, 0x04, 0x00, 0x00, 0x00, 0x6d, 0x61, 0x69, 0x6e,
  0x00, 0x00, 0x00, 0x00, 0x0f, 0x00, 0x00, 0x00, 0xd4, 0x03, 0x00, 0x00,
  0x74, 0x03, 0x00, 0x00, 0x1c, 0x03, 0x00, 0x00, 0xf4, 0x02, 0x00, 0x00,
  0x90, 0x02, 0x00, 0x00, 0x3c, 0x02, 0x00, 0x00, 0xf8, 0x01, 0x00, 0x00,
  0xa4, 0x01, 0x00, 0x00, 0x60, 0x01, 0x00, 0x00, 0x2c, 0x01, 0x00, 0x00,
  0x08, 0x01, 0x00, 0x00, 0xd0, 0x00, 0x00, 0x00, 0x84, 0x00, 0x00, 0x00,
  0x38, 0x00, 0x00, 0x00, 0x04, 0x00, 0x00, 0x00, 0x3a, 0xfe, 0xff, 0xff,
  0x14, 0x00, 0x00, 0x00, 0x00, 0x00, 0x00, 0x09, 0x14, 0x00, 0x00, 0x00,
  0x18, 0x00, 0x00, 0x00, 0x09, 0x00, 0x00, 0x00, 0x16, 0xfd, 0xff, 0xff,
  0x00, 0x00, 0x80, 0x3f, 0x01, 0x00, 0x00, 0x00, 0x1e, 0x00, 0x00, 0x00,
  0x01, 0x00, 0x00, 0x00, 0x1d, 0x00, 0x00, 0x00, 0x02, 0xfd, 0xff, 0xff,
  0x24, 0x00, 0x00, 0x00, 0x00, 0x00, 0x00, 0x08, 0x24, 0x00, 0x00, 0x00,
  0x28, 0x00, 0x00, 0x00, 0x08, 0x00, 0x00, 0x00, 0x00, 0x00, 0x0e, 0x00,
  0x08, 0x00, 0x00, 0x00, 0x00, 0x00, 0x00, 0x00, 0x00, 0x00, 0x07, 0x00,
  0x0e, 0x00, 0x00, 0x00, 0x00, 0x00, 0x00, 0x02, 0x01, 0x00, 0x00, 0x00,
  0x1d, 0x00, 0x00, 0x00, 0x03, 0x00, 0x00, 0x00, 0x1c, 0x00, 0x00, 0x00,
  0x08, 0x00, 0x00, 0x00, 0x0b, 0x00, 0x00, 0x00, 0x4a, 0xfd, 0xff, 0xff,
  0x24, 0x00, 0x00, 0x00, 0x00, 0x00, 0x00, 0x08, 0x24, 0x00, 0x00, 0x00,
  0x28, 0x00, 0x00, 0x00, 0x08, 0x00, 0x00, 0x00, 0x00, 0x00, 0x0e, 0x00,
  0x08, 0x00, 0x07, 0x00, 0x00, 0x00, 0x00, 0x00, 0x00, 0x00, 0x06, 0x00,
  0x0e, 0x00, 0x00, 0x00, 0x00, 0x00, 0x02, 0x01, 0x01, 0x00, 0x00, 0x00,
  0x1c, 0x00, 0x00, 0x00, 0x03, 0x00, 0x00, 0x00, 0x1b, 0x00, 0x00, 0x00,
  0x09, 0x00, 0x00, 0x00, 0x0a, 0x00, 0x00, 0x00, 0xfa, 0xfe, 0xff, 0xff,
  0x14, 0x00, 0x00, 0x00, 0x00, 0x00, 0x00, 0x0a, 0x14, 0x00, 0x00, 0x00,
  0x18, 0x00, 0x00, 0x00, 0x07, 0x00, 0x00, 0x00, 0xd6, 0xfd, 0xff, 0xff,
  0xff, 0xff, 0xff, 0xff, 0x01, 0x00, 0x00, 0x00, 0x1b, 0x00, 0x00, 0x00,
  0x02, 0x00, 0x00, 0x00, 0x1f, 0x00, 0x00, 0x00, 0x01, 0x00, 0x00, 0x00,
  0x3a, 0xfe, 0xff, 0xff, 0x0c, 0x00, 0x00, 0x00, 0x10, 0x00, 0x00, 0x00,
  0x0a, 0x00, 0x00, 0x00, 0x01, 0x00, 0x00, 0x00, 0x1f, 0x00, 0x00, 0x00,
  0x01, 0x00, 0x00, 0x00, 0x1a, 0x00, 0x00, 0x00, 0x4e, 0xff, 0xff, 0xff,
  0x14, 0x00, 0x00, 0x00, 0x00, 0x00, 0x00, 0x1b, 0x10, 0x00, 0x00, 0x00,
  0x14, 0x00, 0x00, 0x00, 0x06, 0x00, 0x00, 0x00, 0x8c, 0xf0, 0xff, 0xff,
  0x01, 0x00, 0x00, 0x00, 0x1a, 0x00, 0x00, 0x00, 0x02, 0x00, 0x00, 0x00,
  0x19, 0x00, 0x00, 0x00, 0x0c, 0x00, 0x00, 0x00, 0x7e, 0xff, 0xff, 0xff,
  0x14, 0x00, 0x00, 0x00, 0x00, 0x00, 0x00, 0x01, 0x1c, 0x00, 0x00, 0x00,
  0x20, 0x00, 0x00, 0x00, 0x04, 0x00, 0x00, 0x00, 0xde, 0xfe, 0xff, 0xff,
  0x00, 0x00, 0x02, 0x01, 0x01, 0x00, 0x00, 0x00, 0x01, 0x00, 0x00, 0x00,
  0x01, 0x00, 0x00, 0x00, 0x19, 0x00, 0x00, 0x00, 0x03, 0x00, 0x00, 0x00,
  0x18, 0x00, 0x00, 0x00, 0x05, 0x00, 0x00, 0x00, 0x02, 0x00, 0x00, 0x00,
  0xbe, 0xff, 0xff, 0xff, 0x14, 0x00, 0x00, 0x00, 0x00, 0x00, 0x00, 0x05,
  0x24, 0x00, 0x00, 0x00, 0x28, 0x00, 0x00, 0x00, 0x05, 0x00, 0x00, 0x00,
  0x6e, 0xff, 0xff, 0xff, 0x01, 0x00, 0x00, 0x00, 0x02, 0x00, 0x00, 0x00,
  0x01, 0x00, 0x00, 0x00, 0x02, 0x00, 0x00, 0x00, 0x00, 0x00, 0x00, 0x01,
  0x01, 0x00, 0x00, 0x00, 0x18, 0x00, 0x00, 0x00, 0x01, 0x00, 0x00, 0x00,
  0x17, 0x00, 0x00, 0x00, 0x00, 0x00, 0x0e, 0x00, 0x18, 0x00, 0x14, 0x00,
  0x10, 0x00, 0x0c, 0x00, 0x0b, 0x00, 0x04, 0x00, 0x0e, 0x00, 0x00, 0x00,
  0x14, 0x00, 0x00, 0x00, 0x00, 0x00, 0x00, 0x01, 0x1c, 0x00, 0x00, 0x00,
  0x20, 0x00, 0x00, 0x00, 0x04, 0x00, 0x00, 0x00, 0x6e, 0xff, 0xff, 0xff,
  0x00, 0x00, 0x02, 0x01, 0x01, 0x00, 0x00, 0x00, 0x01, 0x00, 0x00, 0x00,
  0x01, 0x00, 0x00, 0x00, 0x17, 0x00, 0x00, 0x00, 0x03, 0x00, 0x00, 0x00,
  0x16, 0x00, 0x00, 0x00, 0x06, 0x00, 0x00, 0x00, 0x03, 0x00, 0x00, 0x00,
  0xe6, 0xfe, 0xff, 0xff, 0x24, 0x00, 0x00, 0x00, 0x00, 0x00, 0x00, 0x05,
  0x34, 0x00, 0x00, 0x00, 0x38, 0x00, 0x00, 0x00, 0x05, 0x00, 0x00, 0x00,
  0x00, 0x00, 0x0e, 0x00, 0x18, 0x00, 0x17, 0x00, 0x10, 0x00, 0x0c, 0x00,
  0x08, 0x00, 0x04, 0x00, 0x0e, 0x00, 0x00, 0x00, 0x01, 0x00, 0x00, 0x00,
  0x02, 0x00, 0x00, 0x00, 0x01, 0x00, 0x00, 0x00, 0x02, 0x00, 0x00, 0x00,
  0x00, 0x00, 0x00, 0x01, 0x01, 0x00, 0x00, 0x00, 0x16, 0x00, 0x00, 0x00,
  0x01, 0x00, 0x00, 0x00, 0x15, 0x00, 0x00, 0x00, 0x36, 0xff, 0xff, 0xff,
  0x28, 0x00, 0x00, 0x00, 0x00, 0x00, 0x00, 0x01, 0x30, 0x00, 0x00, 0x00,
  0x34, 0x00, 0x00, 0x00, 0x04, 0x00, 0x00, 0x00, 0x00, 0x00, 0x12, 0x00,
  0x10, 0x00, 0x00, 0x00, 0x0c, 0x00, 0x08, 0x00, 0x07, 0x00, 0x00, 0x00,
  0x00, 0x00, 0x06, 0x00, 0x12, 0x00, 0x00, 0x00, 0x00, 0x00, 0x02, 0x01,
  0x01, 0x00, 0x00, 0x00, 0x01, 0x00, 0x00, 0x00, 0x01, 0x00, 0x00, 0x00,
  0x15, 0x00, 0x00, 0x00, 0x03, 0x00, 0x00, 0x00, 0x14, 0x00, 0x00, 0x00,
  0x07, 0x00, 0x00, 0x00, 0x04, 0x00, 0x00, 0x00, 0x00, 0x00, 0x0a, 0x00,
  0x10, 0x00, 0x0c, 0x00, 0x08, 0x00, 0x04, 0x00, 0x0a, 0x00, 0x00, 0x00,
  0x0c, 0x00, 0x00, 0x00, 0x10, 0x00, 0x00, 0x00, 0x03, 0x00, 0x00, 0x00,
  0x01, 0x00, 0x00, 0x00, 0x14, 0x00, 0x00, 0x00, 0x02, 0x00, 0x00, 0x00,
  0x00, 0x00, 0x00, 0x00, 0x13, 0x00, 0x00, 0x00, 0xba, 0xff, 0xff, 0xff,
  0x1c, 0x00, 0x00, 0x00, 0x00, 0x00, 0x00, 0x3b, 0x1c, 0x00, 0x00, 0x00,
  0x20, 0x00, 0x00, 0x00, 0x02, 0x00, 0x00, 0x00, 0x00, 0x00, 0x06, 0x00,
  0x08, 0x00, 0x04, 0x00, 0x06, 0x00, 0x00, 0x00, 0x04, 0x00, 0x00, 0x00,
  0x01, 0x00, 0x00, 0x00, 0x13, 0x00, 0x00, 0x00, 0x04, 0x00, 0x00, 0x00,
  0x12, 0x00, 0x00, 0x00, 0x0d, 0x00, 0x00, 0x00, 0x0e, 0x00, 0x00, 0x00,
  0x0d, 0x00, 0x00, 0x00, 0x00, 0x00, 0x0e, 0x00, 0x1a, 0x00, 0x14, 0x00,
  0x10, 0x00, 0x0c, 0x00, 0x0b, 0x00, 0x04, 0x00, 0x0e, 0x00, 0x00, 0x00,
  0x24, 0x00, 0x00, 0x00, 0x00, 0x00, 0x00, 0x20, 0x24, 0x00, 0x00, 0x00,
  0x28, 0x00, 0x00, 0x00, 0x01, 0x00, 0x00, 0x00, 0x00, 0x00, 0x0e, 0x00,
  0x08, 0x00, 0x00, 0x00, 0x00, 0x00, 0x00, 0x00, 0x00, 0x00, 0x04, 0x00,
  0x0e, 0x00, 0x00, 0x00, 0x01, 0x00, 0x00, 0x00, 0x01, 0x00, 0x00, 0x00,
  0x12, 0x00, 0x00, 0x00, 0x04, 0x00, 0x00, 0x00, 0x11, 0x00, 0x00, 0x00,
  0x0f, 0x00, 0x00, 0x00, 0x10, 0x00, 0x00, 0x00, 0x10, 0x00, 0x00, 0x00,
  0x00, 0x00, 0x0e, 0x00, 0x16, 0x00, 0x00, 0x00, 0x10, 0x00, 0x0c, 0x00,
  0x0b, 0x00, 0x04, 0x00, 0x0e, 0x00, 0x00, 0x00, 0x18, 0x00, 0x00, 0x00,
  0x00, 0x00, 0x00, 0x37, 0x18, 0x00, 0x00, 0x00, 0x1c, 0x00, 0x00, 0x00,
  0x00, 0x00, 0x06, 0x00, 0x08, 0x00, 0x07, 0x00, 0x06, 0x00, 0x00, 0x00,
  0x00, 0x00, 0x00, 0x02, 0x01, 0x00, 0x00, 0x00, 0x11, 0x00, 0x00, 0x00,
  0x01, 0x00, 0x00, 0x00, 0x00, 0x00, 0x00, 0x00, 0x01, 0x00, 0x00, 0x00,
  0x1e, 0x00, 0x00, 0x00, 0x02, 0x00, 0x00, 0x00, 0x00, 0x00, 0x00, 0x00,
  0x01, 0x00, 0x00, 0x00, 0x20, 0x00, 0x00, 0x00, 0x0c, 0x28, 0x00, 0x00,
  0x50, 0x27, 0x00, 0x00, 0x08, 0x23, 0x00, 0x00, 0x38, 0x20, 0x00, 0x00,
  0x4c, 0x1e, 0x00, 0x00, 0x70, 0x18, 0x00, 0x00, 0x14, 0x15, 0x00, 0x00,
  0xf8, 0x12, 0x00, 0x00, 0x4c, 0x12, 0x00, 0x00, 0x60, 0x0f, 0x00, 0x00,
  0x74, 0x0d, 0x00, 0x00, 0xe0, 0x0c, 0x00, 0x00, 0x70, 0x0c, 0x00, 0x00,
  0x3c, 0x0c, 0x00, 0x00, 0xdc, 0x0b, 0x00, 0x00, 0x9c, 0x0b, 0x00, 0x00,
  0x5c, 0x0b, 0x00, 0x00, 0x10, 0x0b, 0x00, 0x00, 0xc8, 0x0a, 0x00, 0x00,
  0x74, 0x0a, 0x00, 0x00, 0xcc, 0x09, 0x00, 0x00, 0x50, 0x08, 0x00, 0x00,
  0xa4, 0x07, 0x00, 0x00, 0x20, 0x06, 0x00, 0x00, 0x6c, 0x05, 0x00, 0x00,
  0xe8, 0x03, 0x00, 0x00, 0x44, 0x03, 0x00, 0x00, 0xa8, 0x02, 0x00, 0x00,
  0xe4, 0x01, 0x00, 0x00, 0x30, 0x01, 0x00, 0x00, 0xac, 0x00, 0x00, 0x00,
  0x18, 0x00, 0x00, 0x00, 0x14, 0x00, 0x18, 0x00, 0x14, 0x00, 0x13, 0x00,
  0x00, 0x00, 0x0c, 0x00, 0x08, 0x00, 0x00, 0x00, 0x00, 0x00, 0x04, 0x00,
  0x14, 0x00, 0x00, 0x00, 0x14, 0x00, 0x00, 0x00, 0x1c, 0x00, 0x00, 0x00,
  0x3c, 0x00, 0x00, 0x00, 0x00, 0x00, 0x00, 0x09, 0x70, 0x00, 0x00, 0x00,
  0x02, 0x00, 0x00, 0x00, 0xff, 0xff, 0xff, 0xff, 0x40, 0x00, 0x00, 0x00,
  0x8c, 0xdd, 0xff, 0xff, 0x08, 0x00, 0x00, 0x00, 0x14, 0x00, 0x00, 0x00,
  0x01, 0x00, 0x00, 0x00, 0x8b, 0xff, 0xff, 0xff, 0xff, 0xff, 0xff, 0xff,
  0x00, 0x00, 0x00, 0x00, 0x01, 0x00, 0x00, 0x00, 0xc9, 0xdf, 0x90, 0x3e,
  0x34, 0x00, 0x00, 0x00, 0x66, 0x75, 0x6e, 0x63, 0x74, 0x69, 0x6f, 0x6e,
  0x61, 0x6c, 0x2f, 0x67, 0x6c, 0x6f, 0x62, 0x61, 0x6c, 0x5f, 0x61, 0x76,
  0x65, 0x72, 0x61, 0x67, 0x65, 0x5f, 0x70, 0x6f, 0x6f, 0x6c, 0x69, 0x6e,
  0x67, 0x32, 0x64, 0x2f, 0x4d, 0x65, 0x61, 0x6e, 0x5f, 0x72, 0x65, 0x71,
  0x75, 0x61, 0x6e, 0x74, 0x69, 0x7a, 0x65, 0x64, 0x00, 0x00, 0x00, 0x00,
  0x02, 0x00, 0x00, 0x00, 0x01, 0x00, 0x00, 0x00, 0x40, 0x00, 0x00, 0x00,
  0x2e, 0xd9, 0xff, 0xff, 0x00, 0x00, 0x00, 0x01, 0x18, 0x00, 0x00, 0x00,
  0x20, 0x00, 0x00, 0x00, 0x3c, 0x00, 0x00, 0x00, 0x1f, 0x00, 0x00, 0x00,
  0x00, 0x00, 0x00, 0x09, 0x58, 0x00, 0x00, 0x00, 0x02, 0x00, 0x00, 0x00,
  0xff, 0xff, 0xff, 0xff, 0x03, 0x00, 0x00, 0x00, 0x24, 0xde, 0xff, 0xff,
  0x08, 0x00, 0x00, 0x00, 0x10, 0x00, 0x00, 0x00, 0x01, 0x00, 0x00, 0x00,
  0x80, 0xff, 0xff, 0xff, 0xff, 0xff, 0xff, 0xff, 0x01, 0x00, 0x00, 0x00,
  0x00, 0x00, 0x80, 0x3b, 0x20, 0x00, 0x00, 0x00, 0x53, 0x74, 0x61, 0x74,
  0x65, 0x66, 0x75, 0x6c, 0x50, 0x61, 0x72, 0x74, 0x69, 0x74, 0x69, 0x6f,
  0x6e, 0x65, 0x64, 0x43, 0x61, 0x6c, 0x6c, 0x5f, 0x31, 0x3a, 0x30, 0x5f,
  0x69, 0x6e, 0x74, 0x38, 0x00, 0x00, 0x00, 0x00, 0x02, 0x00, 0x00, 0x00,
  0x01, 0x00, 0x00, 0x00, 0x03, 0x00, 0x00, 0x00, 0xae, 0xd9, 0xff, 0xff,
  0x00, 0x00, 0x00, 0x01, 0x18, 0x00, 0x00, 0x00, 0x20, 0x00, 0x00, 0x00,
  0x58, 0x00, 0x00, 0x00, 0x1e, 0x00, 0x00, 0x00, 0x00, 0x00, 0x00, 0x09,
  0x88, 0x00, 0x00, 0x00, 0x02, 0x00, 0x00, 0x00, 0xff, 0xff, 0xff, 0xff,
  0x03, 0x00, 0x00, 0x00, 0x94, 0xd9, 0xff, 0xff, 0x10, 0x00, 0x00, 0x00,
  0x1c, 0x00, 0x00, 0x00, 0x20, 0x00, 0x00, 0x00, 0x24, 0x00, 0x00, 0x00,
  0x01, 0x00, 0x00, 0x00, 0xb3, 0xff, 0xff, 0xff, 0xff, 0xff, 0xff, 0xff,
  0x00, 0x00, 0x00, 0x00, 0x01, 0x00, 0x00, 0x00, 0x4d, 0xff, 0xa1, 0x3d,
  0x01, 0x00, 0x00, 0x00, 0x11, 0xe8, 0x80, 0x41, 0x01, 0x00, 0x00, 0x00,
  0xf4, 0xd4, 0x81, 0xc0, 0x34, 0x00, 0x00, 0x00, 0x66, 0x75, 0x6e, 0x63,
  0x74, 0x69, 0x6f, 0x6e, 0x61, 0x6c, 0x2f, 0x64, 0x65, 0x6e, 0x73, 0x65,
  0x5f, 0x31, 0x2f, 0x4d, 0x61, 0x74, 0x4d, 0x75, 0x6c, 0x3b, 0x66, 0x75,
  0x6e, 0x63, 0x74, 0x69, 0x6f, 0x6e, 0x61, 0x6c, 0x2f, 0x64, 0x65, 0x6e,
  0x73, 0x65, 0x5f, 0x31, 0x2f, 0x42, 0x69, 0x61, 0x73, 0x41, 0x64, 0x64,
  0x00, 0x00, 0x00, 0x00, 0x02, 0x00, 0x00, 0x00, 0x01, 0x00, 0x00, 0x00,
  0x03, 0x00, 0x00, 0x00, 0x5e, 0xda, 0xff, 0xff, 0x00, 0x00, 0x00, 0x01,
  0x18, 0x00, 0x00, 0x00, 0x20, 0x00, 0x00, 0x00, 0x58, 0x00, 0x00, 0x00,
  0x1d, 0x00, 0x00, 0x00, 0x00, 0x00, 0x00, 0x09, 0x98, 0x00, 0x00, 0x00,
  0x02, 0x00, 0x00, 0x00, 0xff, 0xff, 0xff, 0xff, 0x20, 0x00, 0x00, 0x00,
  0x44, 0xda, 0xff, 0xff, 0x10, 0x00, 0x00, 0x00, 0x1c, 0x00, 0x00, 0x00,
  0x20, 0x00, 0x00, 0x00, 0x24, 0x00, 0x00, 0x00, 0x01, 0x00, 0x00, 0x00,
  0x80, 0xff, 0xff, 0xff, 0xff, 0xff, 0xff, 0xff, 0x00, 0x00, 0x00, 0x00,
  0x01, 0x00, 0x00, 0x00, 0x53, 0x99, 0x81, 0x3d, 0x01, 0x00, 0x00, 0x00,
  0xba, 0x17, 0x81, 0x41, 0x01, 0x00, 0x00, 0x00, 0x00, 0x00, 0x00, 0x00,
  0x46, 0x00, 0x00, 0x00, 0x66, 0x75, 0x6e, 0x63, 0x74, 0x69, 0x6f, 0x6e,
  0x61, 0x6c, 0x2f, 0x64, 0x65, 0x6e, 0x73, 0x65, 0x2f, 0x4d, 0x61, 0x74,
  0x4d, 0x75, 0x6c, 0x3b, 0x66, 0x75, 0x6e, 0x63, 0x74, 0x69, 0x6f, 0x6e,
  0x61, 0x6c, 0x2f, 0x64, 0x65, 0x6e, 0x73, 0x65, 0x2f, 0x52, 0x65, 0x6c,
  0x75, 0x3b, 0x66, 0x75, 0x6e, 0x63, 0x74, 0x69, 0x6f, 0x6e, 0x61, 0x6c,
  0x2f, 0x64, 0x65, 0x6e, 0x73, 0x65, 0x2f, 0x42, 0x69, 0x61, 0x73, 0x41,
  0x64, 0x64, 0x00, 0x00, 0x02, 0x00, 0x00, 0x00, 0x01, 0x00, 0x00, 0x00,
  0x20, 0x00, 0x00, 0x00, 0x1e, 0xdb, 0xff, 0xff, 0x00, 0x00, 0x00, 0x01,
  0x18, 0x00, 0x00, 0x00, 0x20, 0x00, 0x00, 0x00, 0x58, 0x00, 0x00, 0x00,
  0x1c, 0x00, 0x00, 0x00, 0x00, 0x00, 0x00, 0x09, 0x70, 0x00, 0x00, 0x00,
  0x02, 0x00, 0x00, 0x00, 0xff, 0xff, 0xff, 0xff, 0x44, 0x00, 0x00, 0x00,
  0x04, 0xdb, 0xff, 0xff, 0x10, 0x00, 0x00, 0x00, 0x1c, 0x00, 0x00, 0x00,
  0x20, 0x00, 0x00, 0x00, 0x24, 0x00, 0x00, 0x00, 0x01, 0x00, 0x00, 0x00,
  0x8b, 0xff, 0xff, 0xff, 0xff, 0xff, 0xff, 0xff, 0x00, 0x00, 0x00, 0x00,
  0x01, 0x00, 0x00, 0x00, 0xc9, 0xdf, 0x90, 0x3e, 0x01, 0x00, 0x00, 0x00,
  0xb0, 0x05, 0x8a, 0x42, 0x01, 0x00, 0x00, 0x00, 0x12, 0x27, 0x49, 0xc0,
  0x1d, 0x00, 0x00, 0x00, 0x66, 0x75, 0x6e, 0x63, 0x74, 0x69, 0x6f, 0x6e,
  0x61, 0x6c, 0x2f, 0x63, 0x6f, 0x6e, 0x63, 0x61, 0x74, 0x65, 0x6e, 0x61,
  0x74, 0x65, 0x2f, 0x63, 0x6f, 0x6e, 0x63, 0x61, 0x74, 0x00, 0x00, 0x00,
  0x02, 0x00, 0x00, 0x00, 0x01, 0x00, 0x00, 0x00, 0x44, 0x00, 0x00, 0x00,
  0xb6, 0xdb, 0xff, 0xff, 0x00, 0x00, 0x00, 0x01, 0x18, 0x00, 0x00, 0x00,
  0x20, 0x00, 0x00, 0x00, 0x54, 0x00, 0x00, 0x00, 0x1b, 0x00, 0x00, 0x00,
  0x00, 0x00, 0x00, 0x09, 0x78, 0x00, 0x00, 0x00, 0x02, 0x00, 0x00, 0x00,
  0xff, 0xff, 0xff, 0xff, 0x40, 0x00, 0x00, 0x00, 0x9c, 0xdb, 0xff, 0xff,
  0x10, 0x00, 0x00, 0x00, 0x18, 0x00, 0x00, 0x00, 0x1c, 0x00, 0x00, 0x00,
  0x20, 0x00, 0x00, 0x00, 0x01, 0x00, 0x00, 0x00, 0x80, 0xff, 0xff, 0xff,
  0xff, 0xff, 0xff, 0xff, 0x01, 0x00, 0x00, 0x00, 0x3a, 0x47, 0xb9, 0x3c,
  0x01, 0x00, 0x00, 0x00, 0xf3, 0x8d, 0xb8, 0x40, 0x01, 0x00, 0x00, 0x00,
  0x00, 0x00, 0x00, 0x00, 0x28, 0x00, 0x00, 0x00, 0x66, 0x75, 0x6e, 0x63,
  0x74, 0x69, 0x6f, 0x6e, 0x61, 0x6c, 0x2f, 0x67, 0x6c, 0x6f, 0x62, 0x61,
  0x6c, 0x5f, 0x61, 0x76, 0x65, 0x72, 0x61, 0x67, 0x65, 0x5f, 0x70, 0x6f,
  0x6f, 0x6c, 0x69, 0x6e, 0x67, 0x32, 0x64, 0x2f, 0x4d, 0x65, 0x61, 0x6e,
  0x00, 0x00, 0x00, 0x00, 0x02, 0x00, 0x00, 0x00, 0x01, 0x00, 0x00, 0x00,
  0x40, 0x00, 0x00, 0x00, 0x56, 0xdc, 0xff, 0xff, 0x00, 0x00, 0x00, 0x01,
  0x18, 0x00, 0x00, 0x00, 0x28, 0x00, 0x00, 0x00, 0x5c, 0x00, 0x00, 0x00,
  0x1a, 0x00, 0x00, 0x00, 0x00, 0x00, 0x00, 0x09, 0x50, 0x01, 0x00, 0x00,
  0x04, 0x00, 0x00, 0x00, 0xff, 0xff, 0xff, 0xff, 0x01, 0x00, 0x00, 0x00,
  0x5a, 0x00, 0x00, 0x00, 0x40, 0x00, 0x00, 0x00, 0x44, 0xdc, 0xff, 0xff,
  0x10, 0x00, 0x00, 0x00, 0x18, 0x00, 0x00, 0x00, 0x1c, 0x00, 0x00, 0x00,
  0x20, 0x00, 0x00, 0x00, 0x01, 0x00, 0x00, 0x00, 0x80, 0xff, 0xff, 0xff,
  0xff, 0xff, 0xff, 0xff, 0x01, 0x00, 0x00, 0x00, 0x3d, 0xe6, 0xb6, 0x3d,
  0x01, 0x00, 0x00, 0x00, 0x57, 0x2f, 0xb6, 0x41, 0x01, 0x00, 0x00, 0x00,
  0x00, 0x00, 0x00, 0x00, 0xf8, 0x00, 0x00, 0x00, 0x66, 0x75, 0x6e, 0x63,
  0x74, 0x69, 0x6f, 0x6e, 0x61, 0x6c, 0x2f, 0x72, 0x65, 0x5f, 0x6c, 0x75,
  0x5f, 0x32, 0x2f, 0x52, 0x65, 0x6c, 0x75, 0x3b, 0x66, 0x75, 0x6e, 0x63,
  0x74, 0x69, 0x6f, 0x6e, 0x61, 0x6c, 0x2f, 0x62, 0x61, 0x74, 0x63, 0x68,
  0x5f, 0x6e, 0x6f, 0x72, 0x6d, 0x61, 0x6c, 0x69, 0x7a, 0x61, 0x74, 0x69,
  0x6f, 0x6e, 0x5f, 0x32, 0x2f, 0x62, 0x61, 0x74, 0x63, 0x68, 0x6e, 0x6f,
  0x72, 0x6d, 0x2f, 0x61, 0x64, 0x64, 0x5f, 0x31, 0x3b, 0x66, 0x75, 0x6e,
  0x63, 0x74, 0x69, 0x6f, 0x6e, 0x61, 0x6c, 0x2f, 0x62, 0x61, 0x74, 0x63,
  0x68, 0x5f, 0x6e, 0x6f, 0x72, 0x6d, 0x61, 0x6c, 0x69, 0x7a, 0x61, 0x74,
  0x69, 0x6f, 0x6e, 0x5f, 0x32, 0x2f, 0x62, 0x61, 0x74, 0x63, 0x68, 0x6e,
  0x6f, 0x72, 0x6d, 0x2f, 0x6d, 0x75, 0x6c, 0x5f, 0x31, 0x3b, 0x66, 0x75,
  0x6e, 0x63, 0x74, 0x69, 0x6f, 0x6e, 0x61, 0x6c, 0x2f, 0x63, 0x6f, 0x6e,
  0x76, 0x32, 0x64, 0x5f, 0x32, 0x2f, 0x63, 0x6f, 0x6e, 0x76, 0x6f, 0x6c,
  0x75, 0x74, 0x69, 0x6f, 0x6e, 0x3b, 0x66, 0x75, 0x6e, 0x63, 0x74, 0x69,
  0x6f, 0x6e, 0x61, 0x6c, 0x2f, 0x62, 0x61, 0x74, 0x63, 0x68, 0x5f, 0x6e,
  0x6f, 0x72, 0x6d, 0x61, 0x6c, 0x69, 0x7a, 0x61, 0x74, 0x69, 0x6f, 0x6e,
  0x5f, 0x32, 0x2f, 0x62, 0x61, 0x74, 0x63, 0x68, 0x6e, 0x6f, 0x72, 0x6d,
  0x2f, 0x6d, 0x75, 0x6c, 0x3b, 0x66, 0x75, 0x6e, 0x63, 0x74, 0x69, 0x6f,
  0x6e, 0x61, 0x6c, 0x2f, 0x62, 0x61, 0x74, 0x63, 0x68, 0x5f, 0x6e, 0x6f,
  0x72, 0x6d, 0x61, 0x6c, 0x69, 0x7a, 0x61, 0x74, 0x69, 0x6f, 0x6e, 0x5f,
  0x32, 0x2f, 0x62, 0x61, 0x74, 0x63, 0x68, 0x6e, 0x6f, 0x72, 0x6d, 0x2f,
  0x73, 0x75, 0x62, 0x31, 0x00, 0x00, 0x00, 0x00, 0x04, 0x00, 0x00, 0x00,
  0x01, 0x00, 0x00, 0x00, 0x01, 0x00, 0x00, 0x00, 0x5a, 0x00, 0x00, 0x00,
  0x40, 0x00, 0x00, 0x00, 0xd6, 0xdd, 0xff, 0xff, 0x00, 0x00, 0x00, 0x01,
  0x18, 0x00, 0x00, 0x00, 0x28, 0x00, 0x00, 0x00, 0x60, 0x00, 0x00, 0x00,
  0x19, 0x00, 0x00, 0x00, 0x00, 0x00, 0x00, 0x09, 0x80, 0x00, 0x00, 0x00,
  0x04, 0x00, 0x00, 0x00, 0xff, 0xff, 0xff, 0xff, 0x01, 0x00, 0x00, 0x00,
  0x5a, 0x00, 0x00, 0x00, 0x20, 0x00, 0x00, 0x00, 0xc4, 0xdd, 0xff, 0xff,
  0x10, 0x00, 0x00, 0x00, 0x1c, 0x00, 0x00, 0x00, 0x20, 0x00, 0x00, 0x00,
  0x24, 0x00, 0x00, 0x00, 0x01, 0x00, 0x00, 0x00, 0x80, 0xff, 0xff, 0xff,
  0xff, 0xff, 0xff, 0xff, 0x00, 0x00, 0x00, 0x00, 0x01, 0x00, 0x00, 0x00,
  0xb1, 0x30, 0x98, 0x3d, 0x01, 0x00, 0x00, 0x00, 0x80, 0x98, 0x97, 0x41,
  0x01, 0x00, 0x00, 0x00, 0x00, 0x00, 0x00, 0x00, 0x24, 0x00, 0x00, 0x00,
  0x66, 0x75, 0x6e, 0x63, 0x74, 0x69, 0x6f, 0x6e, 0x61, 0x6c, 0x2f, 0x6d,
  0x61, 0x78, 0x5f, 0x70, 0x6f, 0x6f, 0x6c, 0x69, 0x6e, 0x67, 0x32, 0x64,
  0x5f, 0x31, 0x2f, 0x4d, 0x61, 0x78, 0x50, 0x6f, 0x6f, 0x6c, 0x32, 0x64,
  0x00, 0x00, 0x00, 0x00, 0x04, 0x00, 0x00, 0x00, 0x01, 0x00, 0x00, 0x00,
  0x01, 0x00, 0x00, 0x00, 0x5a, 0x00, 0x00, 0x00, 0x20, 0x00, 0x00, 0x00,
  0x86, 0xde, 0xff, 0xff, 0x00, 0x00, 0x00, 0x01, 0x18, 0x00, 0x00, 0x00,
  0x28, 0x00, 0x00, 0x00, 0x5c, 0x00, 0x00, 0x00, 0x18, 0x00, 0x00, 0x00,
  0x00, 0x00, 0x00, 0x09, 0x50, 0x01, 0x00, 0x00, 0x04, 0x00, 0x00, 0x00,
  0xff, 0xff, 0xff, 0xff, 0x01, 0x00, 0x00, 0x00, 0xb4, 0x00, 0x00, 0x00,
  0x20, 0x00, 0x00, 0x00, 0x74, 0xde, 0xff, 0xff, 0x10, 0x00, 0x00, 0x00,
  0x18, 0x00, 0x00, 0x00, 0x1c, 0x00, 0x00, 0x00, 0x20, 0x00, 0x00, 0x00,
  0x01, 0x00, 0x00, 0x00, 0x80, 0xff, 0xff, 0xff, 0xff, 0xff, 0xff, 0xff,
  0x01, 0x00, 0x00, 0x00, 0xb1, 0x30, 0x98, 0x3d, 0x01, 0x00, 0x00, 0x00,
  0x80, 0x98, 0x97, 0x41, 0x01, 0x00, 0x00, 0x00, 0x00, 0x00, 0x00, 0x00,
  0xf8, 0x00, 0x00, 0x00, 0x66, 0x75, 0x6e, 0x63, 0x74, 0x69, 0x6f, 0x6e,
  0x61, 0x6c, 0x2f, 0x72, 0x65, 0x5f, 0x6c, 0x75, 0x5f, 0x31, 0x2f, 0x52,
  0x65, 0x6c, 0x75, 0x3b, 0x66, 0x75, 0x6e, 0x63, 0x74, 0x69, 0x6f, 0x6e,
  0x61, 0x6c, 0x2f, 0x62, 0x61, 0x74, 0x63, 0x68, 0x5f, 0x6e, 0x6f, 0x72,
  0x6d, 0x61, 0x6c, 0x69, 0x7a, 0x61, 0x74, 0x69, 0x6f, 0x6e, 0x5f, 0x31,
  0x2f, 0x62, 0x61, 0x74, 0x63, 0x68, 0x6e, 0x6f, 0x72, 0x6d, 0x2f, 0x61,
  0x64, 0x64, 0x5f, 0x31, 0x3b, 0x66, 0x75, 0x6e, 0x63, 0x74, 0x69, 0x6f,
  0x6e, 0x61, 0x6c, 0x2f, 0x62, 0x61, 0x74, 0x63, 0x68, 0x5f, 0x6e, 0x6f,
  0x72, 0x6d, 0x61, 0x6c, 0x69, 0x7a, 0x61, 0x74, 0x69, 0x6f, 0x6e, 0x5f,
  0x31, 0x2f, 0x62, 0x61, 0x74, 0x63, 0x68, 0x6e, 0x6f, 0x72, 0x6d, 0x2f,
  0x6d, 0x75, 0x6c, 0x5f, 0x31, 0x3b, 0x66, 0x75, 0x6e, 0x63, 0x74, 0x69,
  0x6f, 0x6e, 0x61, 0x6c, 0x2f, 0x63, 0x6f, 0x6e, 0x76, 0x32, 0x64, 0x5f,
  0x31, 0x2f, 0x63, 0x6f, 0x6e, 0x76, 0x6f, 0x6c, 0x75, 0x74, 0x69, 0x6f,
  0x6e, 0x3b, 0x66, 0x75, 0x6e, 0x63, 0x74, 0x69, 0x6f, 0x6e, 0x61, 0x6c,
  0x2f, 0x62, 0x61, 0x74, 0x63, 0x68, 0x5f, 0x6e, 0x6f, 0x72, 0x6d, 0x61,
  0x6c, 0x69, 0x7a, 0x61, 0x74, 0x69, 0x6f, 0x6e, 0x5f, 0x31, 0x2f, 0x62,
  0x61, 0x74, 0x63, 0x68, 0x6e, 0x6f, 0x72, 0x6d, 0x2f, 0x6d, 0x75, 0x6c,
  0x3b, 0x66, 0x75, 0x6e, 0x63, 0x74, 0x69, 0x6f, 0x6e, 0x61, 0x6c, 0x2f,
  0x62, 0x61, 0x74, 0x63, 0x68, 0x5f, 0x6e, 0x6f, 0x72, 0x6d, 0x61, 0x6c,
  0x69, 0x7a, 0x61, 0x74, 0x69, 0x6f, 0x6e, 0x5f, 0x31, 0x2f, 0x62, 0x61,
  0x74, 0x63, 0x68, 0x6e, 0x6f, 0x72, 0x6d, 0x2f, 0x73, 0x75, 0x62, 0x31,
  0x00, 0x00, 0x00, 0x00, 0x04, 0x00, 0x00, 0x00, 0x01, 0x00, 0x00, 0x00,
  0x01, 0x00, 0x00, 0x00, 0xb4, 0x00, 0x00, 0x00, 0x20, 0x00, 0x00, 0x00,
  0x06, 0xe0, 0xff, 0xff, 0x00, 0x00, 0x00, 0x01, 0x18, 0x00, 0x00, 0x00,
  0x28, 0x00, 0x00, 0x00, 0x5c, 0x00, 0x00, 0x00, 0x17, 0x00, 0x00, 0x00,
  0x00, 0x00, 0x00, 0x09, 0x78, 0x00, 0x00, 0x00, 0x04, 0x00, 0x00, 0x00,
  0xff, 0xff, 0xff, 0xff, 0x01, 0x00, 0x00, 0x00, 0xb4, 0x00, 0x00, 0x00,
  0x10, 0x00, 0x00, 0x00, 0xf4, 0xdf, 0xff, 0xff, 0x10, 0x00, 0x00, 0x00,
  0x18, 0x00, 0x00, 0x00, 0x1c, 0x00, 0x00, 0x00, 0x20, 0x00, 0x00, 0x00,
  0x01, 0x00, 0x00, 0x00, 0x80, 0xff, 0xff, 0xff, 0xff, 0xff, 0xff, 0xff,
  0x01, 0x00, 0x00, 0x00, 0xe0, 0x57, 0x87, 0x3d, 0x01, 0x00, 0x00, 0x00,
  0x88, 0xd0, 0x86, 0x41, 0x01, 0x00, 0x00, 0x00, 0x00, 0x00, 0x00, 0x00,
  0x22, 0x00, 0x00, 0x00, 0x66, 0x75, 0x6e, 0x63, 0x74, 0x69, 0x6f, 0x6e,
  0x61, 0x6c, 0x2f, 0x6d, 0x61, 0x78, 0x5f, 0x70, 0x6f, 0x6f, 0x6c, 0x69,
  0x6e, 0x67, 0x32, 0x64, 0x2f, 0x4d, 0x61, 0x78, 0x50, 0x6f, 0x6f, 0x6c,
  0x32, 0x64, 0x00, 0x00, 0x04, 0x00, 0x00, 0x00, 0x01, 0x00, 0x00, 0x00,
  0x01, 0x00, 0x00, 0x00, 0xb4, 0x00, 0x00, 0x00, 0x10, 0x00, 0x00, 0x00,
  0xae, 0xe0, 0xff, 0xff, 0x00, 0x00, 0x00, 0x01, 0x18, 0x00, 0x00, 0x00,
  0x28, 0x00, 0x00, 0x00, 0x60, 0x00, 0x00, 0x00, 0x16, 0x00, 0x00, 0x00,
  0x00, 0x00, 0x00, 0x09, 0x48, 0x01, 0x00, 0x00, 0x04, 0x00, 0x00, 0x00,
  0xff, 0xff, 0xff, 0xff, 0x01, 0x00, 0x00, 0x00, 0x68, 0x01, 0x00, 0x00,
  0x10, 0x00, 0x00, 0x00, 0x9c, 0xe0, 0xff, 0xff, 0x10, 0x00, 0x00, 0x00,
  0x1c, 0x00, 0x00, 0x00, 0x20, 0x00, 0x00, 0x00, 0x24, 0x00, 0x00, 0x00,
  0x01, 0x00, 0x00, 0x00, 0x80, 0xff, 0xff, 0xff, 0xff, 0xff, 0xff, 0xff,
  0x00, 0x00, 0x00, 0x00, 0x01, 0x00, 0x00, 0x00, 0xe0, 0x57, 0x87, 0x3d,
  0x01, 0x00, 0x00, 0x00, 0x88, 0xd0, 0x86, 0x41, 0x01, 0x00, 0x00, 0x00,
  0x00, 0x00, 0x00, 0x00, 0xec, 0x00, 0x00, 0x00, 0x66, 0x75, 0x6e, 0x63,
  0x74, 0x69, 0x6f, 0x6e, 0x61, 0x6c, 0x2f, 0x72, 0x65, 0x5f, 0x6c, 0x75,
  0x2f, 0x52, 0x65, 0x6c, 0x75, 0x3b, 0x66, 0x75, 0x6e, 0x63, 0x74, 0x69,
  0x6f, 0x6e, 0x61, 0x6c, 0x2f, 0x62, 0x61, 0x74, 0x63, 0x68, 0x5f, 0x6e,
  0x6f, 0x72, 0x6d, 0x61, 0x6c, 0x69, 0x7a, 0x61, 0x74, 0x69, 0x6f, 0x6e,
  0x2f, 0x62, 0x61, 0x74, 0x63, 0x68, 0x6e, 0x6f, 0x72, 0x6d, 0x2f, 0x61,
  0x64, 0x64, 0x5f, 0x31, 0x3b, 0x66, 0x75, 0x6e, 0x63, 0x74, 0x69, 0x6f,
  0x6e, 0x61, 0x6c, 0x2f, 0x62, 0x61, 0x74, 0x63, 0x68, 0x5f, 0x6e, 0x6f,
  0x72, 0x6d, 0x61, 0x6c, 0x69, 0x7a, 0x61, 0x74, 0x69, 0x6f, 0x6e, 0x2f,
  0x62, 0x61, 0x74, 0x63, 0x68, 0x6e, 0x6f, 0x72, 0x6d, 0x2f, 0x6d, 0x75,
  0x6c, 0x5f, 0x31, 0x3b, 0x66, 0x75, 0x6e, 0x63, 0x74, 0x69, 0x6f, 0x6e,
  0x61, 0x6c, 0x2f, 0x63, 0x6f, 0x6e, 0x76, 0x32, 0x64, 0x2f, 0x63, 0x6f,
  0x6e, 0x76, 0x6f, 0x6c, 0x75, 0x74, 0x69, 0x6f, 0x6e, 0x3b, 0x66, 0x75,
  0x6e, 0x63, 0x74, 0x69, 0x6f, 0x6e, 0x61, 0x6c, 0x2f, 0x62, 0x61, 0x74,
  0x63, 0x68, 0x5f, 0x6e, 0x6f, 0x72, 0x6d, 0x61, 0x6c, 0x69, 0x7a, 0x61,
  0x74, 0x69, 0x6f, 0x6e, 0x2f, 0x62, 0x61, 0x74, 0x63, 0x68, 0x6e, 0x6f,
  0x72, 0x6d, 0x2f, 0x6d, 0x75, 0x6c, 0x3b, 0x66, 0x75, 0x6e, 0x63, 0x74,
  0x69, 0x6f, 0x6e, 0x61, 0x6c, 0x2f, 0x62, 0x61, 0x74, 0x63, 0x68, 0x5f,
  0x6e, 0x6f, 0x72, 0x6d, 0x61, 0x6c, 0x69, 0x7a, 0x61, 0x74, 0x69, 0x6f,
  0x6e, 0x2f, 0x62, 0x61, 0x74, 0x63, 0x68, 0x6e, 0x6f, 0x72, 0x6d, 0x2f,
  0x73, 0x75, 0x62, 0x31, 0x00, 0x00, 0x00, 0x00, 0x04, 0x00, 0x00, 0x00,
  0x01, 0x00, 0x00, 0x00, 0x01, 0x00, 0x00, 0x00, 0x68, 0x01, 0x00, 0x00,
  0x10, 0x00, 0x00, 0x00, 0x26, 0xe2, 0xff, 0xff, 0x00, 0x00, 0x00, 0x01,
  0x18, 0x00, 0x00, 0x00, 0x28, 0x00, 0x00, 0x00, 0x60, 0x00, 0x00, 0x00,
  0x15, 0x00, 0x00, 0x00, 0x00, 0x00, 0x00, 0x09, 0x74, 0x00, 0x00, 0x00,
  0x04, 0x00, 0x00, 0x00, 0xff, 0xff, 0xff, 0xff, 0x01, 0x00, 0x00, 0x00,
  0x68, 0x01, 0x00, 0x00, 0x01, 0x00, 0x00, 0x00, 0x14, 0xe2, 0xff, 0xff,
  0x10, 0x00, 0x00, 0x00, 0x1c, 0x00, 0x00, 0x00, 0x20, 0x00, 0x00, 0x00,
  0x24, 0x00, 0x00, 0x00, 0x01, 0x00, 0x00, 0x00, 0x0f, 0x00, 0x00, 0x00,
  0x00, 0x00, 0x00, 0x00, 0x00, 0x00, 0x00, 0x00, 0x01, 0x00, 0x00, 0x00,
  0x81, 0xd8, 0xa9, 0x3d, 0x01, 0x00, 0x00, 0x00, 0xe7, 0x07, 0x15, 0x41,
  0x01, 0x00, 0x00, 0x00, 0x68, 0x55, 0x3d, 0xc1, 0x1a, 0x00, 0x00, 0x00,
  0x66, 0x75, 0x6e, 0x63, 0x74, 0x69, 0x6f, 0x6e, 0x61, 0x6c, 0x2f, 0x72,
  0x65, 0x73, 0x68, 0x61, 0x70, 0x65, 0x2f, 0x52, 0x65, 0x73, 0x68, 0x61,
  0x70, 0x65, 0x00, 0x00, 0x04, 0x00, 0x00, 0x00, 0x01, 0x00, 0x00, 0x00,
  0x01, 0x00, 0x00, 0x00, 0x68, 0x01, 0x00, 0x00, 0x01, 0x00, 0x00, 0x00,
  0xc6, 0xe7, 0xff, 0xff, 0x00, 0x00, 0x00, 0x01, 0x14, 0x00, 0x00, 0x00,
  0x14, 0x00, 0x00, 0x00, 0x14, 0x00, 0x00, 0x00, 0x00, 0x00, 0x00, 0x02,
  0x30, 0x00, 0x00, 0x00, 0x20, 0xfe, 0xff, 0xff, 0x20, 0x00, 0x00, 0x00,
  0x66, 0x75, 0x6e, 0x63, 0x74, 0x69, 0x6f, 0x6e, 0x61, 0x6c, 0x2f, 0x72,
  0x65, 0x73, 0x68, 0x61, 0x70, 0x65, 0x2f, 0x52, 0x65, 0x73, 0x68, 0x61,
  0x70, 0x65, 0x2f, 0x73, 0x68, 0x61, 0x70, 0x65, 0x00, 0x00, 0x00, 0x00,
  0x01, 0x00, 0x00, 0x00, 0x04, 0x00, 0x00, 0x00, 0xb6, 0xfe, 0xff, 0xff,
  0x00, 0x00, 0x00, 0x01, 0x10, 0x00, 0x00, 0x00, 0x10, 0x00, 0x00, 0x00,
  0x13, 0x00, 0x00, 0x00, 0x00, 0x00, 0x00, 0x02, 0x6c, 0xfe, 0xff, 0xff,
  0x20, 0x00, 0x00, 0x00, 0x66, 0x75, 0x6e, 0x63, 0x74, 0x69, 0x6f, 0x6e,
  0x61, 0x6c, 0x2f, 0x72, 0x65, 0x73, 0x68, 0x61, 0x70, 0x65, 0x2f, 0x73,
  0x74, 0x72, 0x69, 0x64, 0x65, 0x64, 0x5f, 0x73, 0x6c, 0x69, 0x63, 0x65,
  0x00, 0x00, 0x00, 0x00, 0x5a, 0xe8, 0xff, 0xff, 0x00, 0x00, 0x00, 0x01,
  0x14, 0x00, 0x00, 0x00, 0x14, 0x00, 0x00, 0x00, 0x12, 0x00, 0x00, 0x00,
  0x00, 0x00, 0x00, 0x02, 0x28, 0x00, 0x00, 0x00, 0xb4, 0xfe, 0xff, 0xff,
  0x18, 0x00, 0x00, 0x00, 0x66, 0x75, 0x6e, 0x63, 0x74, 0x69, 0x6f, 0x6e,
  0x61, 0x6c, 0x2f, 0x72, 0x65, 0x73, 0x68, 0x61, 0x70, 0x65, 0x2f, 0x53,
  0x68, 0x61, 0x70, 0x65, 0x00, 0x00, 0x00, 0x00, 0x01, 0x00, 0x00, 0x00,
  0x03, 0x00, 0x00, 0x00, 0xa2, 0xe8, 0xff, 0xff, 0x00, 0x00, 0x00, 0x01,
  0x14, 0x00, 0x00, 0x00, 0x14, 0x00, 0x00, 0x00, 0x0e, 0x00, 0x00, 0x00,
  0x00, 0x00, 0x00, 0x02, 0x1c, 0x00, 0x00, 0x00, 0xfc, 0xfe, 0xff, 0xff,
  0x0f, 0x00, 0x00, 0x00, 0x61, 0x72, 0x69, 0x74, 0x68, 0x2e, 0x63, 0x6f,
  0x6e, 0x73, 0x74, 0x61, 0x6e, 0x74, 0x32, 0x00, 0x01, 0x00, 0x00, 0x00,
  0x01, 0x00, 0x00, 0x00, 0xde, 0xe8, 0xff, 0xff, 0x00, 0x00, 0x00, 0x01,
  0x14, 0x00, 0x00, 0x00, 0x14, 0x00, 0x00, 0x00, 0x10, 0x00, 0x00, 0x00,
  0x00, 0x00, 0x00, 0x02, 0x1c, 0x00, 0x00, 0x00, 0x38, 0xff, 0xff, 0xff,
  0x0f, 0x00, 0x00, 0x00, 0x61, 0x72, 0x69, 0x74, 0x68, 0x2e, 0x63, 0x6f,
  0x6e, 0x73, 0x74, 0x61, 0x6e, 0x74, 0x31, 0x00, 0x01, 0x00, 0x00, 0x00,
  0x01, 0x00, 0x00, 0x00, 0xba, 0xff, 0xff, 0xff, 0x00, 0x00, 0x00, 0x01,
  0x10, 0x00, 0x00, 0x00, 0x10, 0x00, 0x00, 0x00, 0x0f, 0x00, 0x00, 0x00,
  0x00, 0x00, 0x00, 0x02, 0x70, 0xff, 0xff, 0xff, 0x22, 0x00, 0x00, 0x00,
  0x66, 0x75, 0x6e, 0x63, 0x74, 0x69, 0x6f, 0x6e, 0x61, 0x6c, 0x2f, 0x72,
  0x65, 0x73, 0x68, 0x61, 0x70, 0x65, 0x2f, 0x52, 0x65, 0x73, 0x68, 0x61,
  0x70, 0x65, 0x2f, 0x73, 0x68, 0x61, 0x70, 0x65, 0x2f, 0x32, 0x00, 0x00,
  0x00, 0x00, 0x16, 0x00, 0x18, 0x00, 0x00, 0x00, 0x17, 0x00, 0x10, 0x00,
  0x0c, 0x00, 0x08, 0x00, 0x00, 0x00, 0x00, 0x00, 0x00, 0x00, 0x07, 0x00,
  0x16, 0x00, 0x00, 0x00, 0x00, 0x00, 0x00, 0x01, 0x10, 0x00, 0x00, 0x00,
  0x10, 0x00, 0x00, 0x00, 0x0e, 0x00, 0x00, 0x00, 0x00, 0x00, 0x00, 0x02,
  0xcc, 0xff, 0xff, 0xff, 0x0e, 0x00, 0x00, 0x00, 0x61, 0x72, 0x69, 0x74,
  0x68, 0x2e, 0x63, 0x6f, 0x6e, 0x73, 0x74, 0x61, 0x6e, 0x74, 0x00, 0x00,
  0xa6, 0xe9, 0xff, 0xff, 0x00, 0x00, 0x00, 0x01, 0x18, 0x00, 0x00, 0x00,
  0x18, 0x00, 0x00, 0x00, 0x0d, 0x00, 0x00, 0x00, 0x00, 0x00, 0x00, 0x02,
  0x4c, 0x00, 0x00, 0x00, 0x04, 0x00, 0x04, 0x00, 0x04, 0x00, 0x00, 0x00,
  0x3a, 0x00, 0x00, 0x00, 0x66, 0x75, 0x6e, 0x63, 0x74, 0x69, 0x6f, 0x6e,
  0x61, 0x6c, 0x2f, 0x67, 0x6c, 0x6f, 0x62, 0x61, 0x6c, 0x5f, 0x61, 0x76,
  0x65, 0x72, 0x61, 0x67, 0x65, 0x5f, 0x70, 0x6f, 0x6f, 0x6c, 0x69, 0x6e,
  0x67, 0x32, 0x64, 0x2f, 0x4d, 0x65, 0x61, 0x6e, 0x2f, 0x72, 0x65, 0x64,
  0x75, 0x63, 0x74, 0x69, 0x6f, 0x6e, 0x5f, 0x69, 0x6e, 0x64, 0x69, 0x63,
  0x65, 0x73, 0x00, 0x00, 0x01, 0x00, 0x00, 0x00, 0x02, 0x00, 0x00, 0x00,
  0x12, 0xea, 0xff, 0xff, 0x00, 0x00, 0x00, 0x01, 0x14, 0x00, 0x00, 0x00,
  0x4c, 0x00, 0x00, 0x00, 0x0c, 0x00, 0x00, 0x00, 0x00, 0x00, 0x00, 0x02,
  0x70, 0x00, 0x00, 0x00, 0xfc, 0xe9, 0xff, 0xff, 0x08, 0x00, 0x00, 0x00,
  0x24, 0x00, 0x00, 0x00, 0x03, 0x00, 0x00, 0x00, 0x00, 0x00, 0x00, 0x00,
  0x00, 0x00, 0x00, 0x00, 0x00, 0x00, 0x00, 0x00, 0x00, 0x00, 0x00, 0x00,
  0x00, 0x00, 0x00, 0x00, 0x00, 0x00, 0x00, 0x00, 0x00, 0x00, 0x00, 0x00,
  0x03, 0x00, 0x00, 0x00, 0x2c, 0x3f, 0x84, 0x39, 0xc4, 0x37, 0x8e, 0x39,
  0x3b, 0xc7, 0x83, 0x39, 0x29, 0x00, 0x00, 0x00, 0x66, 0x75, 0x6e, 0x63,
  0x74, 0x69, 0x6f, 0x6e, 0x61, 0x6c, 0x2f, 0x64, 0x65, 0x6e, 0x73, 0x65,
  0x5f, 0x31, 0x2f, 0x42, 0x69, 0x61, 0x73, 0x41, 0x64, 0x64, 0x2f, 0x52,
  0x65, 0x61, 0x64, 0x56, 0x61, 0x72, 0x69, 0x61, 0x62, 0x6c, 0x65, 0x4f,
  0x70, 0x00, 0x00, 0x00, 0x01, 0x00, 0x00, 0x00, 0x03, 0x00, 0x00, 0x00,
  0xa2, 0xea, 0xff, 0xff, 0x00, 0x00, 0x00, 0x01, 0x14, 0x00, 0x00, 0x00,
  0xa8, 0x01, 0x00, 0x00, 0x0b, 0x00, 0x00, 0x00, 0x00, 0x00, 0x00, 0x02,
  0xc8, 0x01, 0x00, 0x00, 0x8c, 0xea, 0xff, 0xff, 0x08, 0x00, 0x00, 0x00,
  0x0c, 0x01, 0x00, 0x00, 0x20, 0x00, 0x00, 0x00, 0x00, 0x00, 0x00, 0x00,
  0x00, 0x00, 0x00, 0x00, 0x00, 0x00, 0x00, 0x00, 0x00, 0x00, 0x00, 0x00,
  0x00, 0x00, 0x00, 0x00, 0x00, 0x00, 0x00, 0x00, 0x00, 0x00, 0x00, 0x00,
  0x00, 0x00, 0x00, 0x00, 0x00, 0x00, 0x00, 0x00, 0x00, 0x00, 0x00, 0x00,
  0x00, 0x00, 0x00, 0x00, 0x00, 0x00, 0x00, 0x00, 0x00, 0x00, 0x00, 0x00,
  0x00, 0x00, 0x00, 0x00, 0x00, 0x00, 0x00, 0x00, 0x00, 0x00, 0x00, 0x00,
  0x00, 0x00, 0x00, 0x00, 0x00, 0x00, 0x00, 0x00, 0x00, 0x00, 0x00, 0x00,
  0x00, 0x00, 0x00, 0x00, 0x00, 0x00, 0x00, 0x00, 0x00, 0x00, 0x00, 0x00,
  0x00, 0x00, 0x00, 0x00, 0x00, 0x00, 0x00, 0x00, 0x00, 0x00, 0x00, 0x00,
  0x00, 0x00, 0x00, 0x00, 0x00, 0x00, 0x00, 0x00, 0x00, 0x00, 0x00, 0x00,
  0x00, 0x00, 0x00, 0x00, 0x00, 0x00, 0x00, 0x00, 0x00, 0x00, 0x00, 0x00,
  0x00, 0x00, 0x00, 0x00, 0x00, 0x00, 0x00, 0x00, 0x00, 0x00, 0x00, 0x00,
  0x00, 0x00, 0x00, 0x00, 0x00, 0x00, 0x00, 0x00, 0x00, 0x00, 0x00, 0x00,
  0x00, 0x00, 0x00, 0x00, 0x00, 0x00, 0x00, 0x00, 0x00, 0x00, 0x00, 0x00,
  0x00, 0x00, 0x00, 0x00, 0x00, 0x00, 0x00, 0x00, 0x00, 0x00, 0x00, 0x00,
  0x00, 0x00, 0x00, 0x00, 0x00, 0x00, 0x00, 0x00, 0x00, 0x00, 0x00, 0x00,
  0x00, 0x00, 0x00, 0x00, 0x00, 0x00, 0x00, 0x00, 0x00, 0x00, 0x00, 0x00,
  0x00, 0x00, 0x00, 0x00, 0x00, 0x00, 0x00, 0x00, 0x00, 0x00, 0x00, 0x00,
  0x00, 0x00, 0x00, 0x00, 0x00, 0x00, 0x00, 0x00, 0x00, 0x00, 0x00, 0x00,
  0x00, 0x00, 0x00, 0x00, 0x00, 0x00, 0x00, 0x00, 0x00, 0x00, 0x00, 0x00,
  0x00, 0x00, 0x00, 0x00, 0x00, 0x00, 0x00, 0x00, 0x00, 0x00, 0x00, 0x00,
  0x00, 0x00, 0x00, 0x00, 0x00, 0x00, 0x00, 0x00, 0x00, 0x00, 0x00, 0x00,
  0x00, 0x00, 0x00, 0x00, 0x20, 0x00, 0x00, 0x00, 0x6f, 0xe0, 0x64, 0x3a,
  0x05, 0x4b, 0x3f, 0x3a, 0x6e, 0x46, 0x20, 0x3a, 0xb3, 0x21, 0x30, 0x3a,
  0x41, 0x0c, 0x1b, 0x3a, 0x51, 0x35, 0x83, 0x3a, 0xf9, 0xdb, 0x3a, 0x3a,
  0xa9, 0xce, 0x1e, 0x3a, 0xba, 0xce, 0x17, 0x3a, 0xfe, 0xc4, 0x3d, 0x3a,
  0xd4, 0xc1, 0x52, 0x3a, 0xd3, 0x05, 0x3a, 0x3a, 0x52, 0x9e, 0x35, 0x3a,
  0x92, 0xf6, 0x30, 0x3a, 0xda, 0xff, 0x1f, 0x3a, 0xc5, 0xdd, 0x40, 0x3a,
  0xc2, 0x5d, 0x25, 0x3a, 0x7b, 0x31, 0x80, 0x3a, 0x3d, 0xea, 0x3b, 0x3a,
  0xca, 0x0a, 0x4e, 0x3a, 0x68, 0xe3, 0x6a, 0x3a, 0xa7, 0x7a, 0x33, 0x3a,
  0xee, 0x37, 0x2e, 0x3a, 0x4b, 0xc4, 0x2e, 0x3a, 0xba, 0x14, 0x43, 0x3a,
  0x01, 0x06, 0x88, 0x3a, 0xc9, 0xab, 0x33, 0x3a, 0x16, 0x36, 0x50, 0x3a,
  0x53, 0x43, 0x2a, 0x3a, 0x5b, 0xcf, 0x26, 0x3a, 0xdd, 0xc2, 0x31, 0x3a,
  0x38, 0xe1, 0x12, 0x3a, 0x27, 0x00, 0x00, 0x00, 0x66, 0x75, 0x6e, 0x63,
  0x74, 0x69, 0x6f, 0x6e, 0x61, 0x6c, 0x2f, 0x64, 0x65, 0x6e, 0x73, 0x65,
  0x2f, 0x42, 0x69, 0x61, 0x73, 0x41, 0x64, 0x64, 0x2f, 0x52, 0x65, 0x61,
  0x64, 0x56, 0x61, 0x72, 0x69, 0x61, 0x62, 0x6c, 0x65, 0x4f, 0x70, 0x00,
  0x01, 0x00, 0x00, 0x00, 0x20, 0x00, 0x00, 0x00, 0x8a, 0xec, 0xff, 0xff,
  0x00, 0x00, 0x00, 0x01, 0x14, 0x00, 0x00, 0x00, 0xb4, 0x02, 0x00, 0x00,
  0x0a, 0x00, 0x00, 0x00, 0x00, 0x00, 0x00, 0x09, 0xc4, 0x02, 0x00, 0x00,
  0x64, 0xe7, 0xff, 0xff, 0x10, 0x00, 0x00, 0x00, 0x10, 0x01, 0x00, 0x00,
  0x90, 0x01, 0x00, 0x00, 0x10, 0x02, 0x00, 0x00, 0x20, 0x00, 0x00, 0x00,
  0x00, 0x00, 0x00, 0x00, 0x00, 0x00, 0x00, 0x00, 0x00, 0x00, 0x00, 0x00,
  0x00, 0x00, 0x00, 0x00, 0x00, 0x00, 0x00, 0x00, 0x00, 0x00, 0x00, 0x00,
  0x00, 0x00, 0x00, 0x00, 0x00, 0x00, 0x00, 0x00, 0x00, 0x00, 0x00, 0x00,
  0x00, 0x00, 0x00, 0x00, 0x00, 0x00, 0x00, 0x00, 0x00, 0x00, 0x00, 0x00,
  0x00, 0x00, 0x00, 0x00, 0x00, 0x00, 0x00, 0x00, 0x00, 0x00, 0x00, 0x00,
  0x00, 0x00, 0x00, 0x00, 0x00, 0x00, 0x00, 0x00, 0x00, 0x00, 0x00, 0x00,
  0x00, 0x00, 0x00, 0x00, 0x00, 0x00, 0x00, 0x00, 0x00, 0x00, 0x00, 0x00,
  0x00, 0x00, 0x00, 0x00, 0x00, 0x00, 0x00, 0x00, 0x00, 0x00, 0x00, 0x00,
  0x00, 0x00, 0x00, 0x00, 0x00, 0x00, 0x00, 0x00, 0x00, 0x00, 0x00, 0x00,
  0x00, 0x00, 0x00, 0x00, 0x00, 0x00, 0x00, 0x00, 0x00, 0x00, 0x00, 0x00,
  0x00, 0x00, 0x00, 0x00, 0x00, 0x00, 0x00, 0x00, 0x00, 0x00, 0x00, 0x00,
  0x00, 0x00, 0x00, 0x00, 0x00, 0x00, 0x00, 0x00, 0x00, 0x00, 0x00, 0x00,
  0x00, 0x00, 0x00, 0x00, 0x00, 0x00, 0x00, 0x00, 0x00, 0x00, 0x00, 0x00,
  0x00, 0x00, 0x00, 0x00, 0x00, 0x00, 0x00, 0x00, 0x00, 0x00, 0x00, 0x00,
  0x00, 0x00, 0x00, 0x00, 0x00, 0x00, 0x00, 0x00, 0x00, 0x00, 0x00, 0x00,
  0x00, 0x00, 0x00, 0x00, 0x00, 0x00, 0x00, 0x00, 0x00, 0x00, 0x00, 0x00,
  0x00, 0x00, 0x00, 0x00, 0x00, 0x00, 0x00, 0x00, 0x00, 0x00, 0x00, 0x00,
  0x00, 0x00, 0x00, 0x00, 0x00, 0x00, 0x00, 0x00, 0x00, 0x00, 0x00, 0x00,
  0x00, 0x00, 0x00, 0x00, 0x00, 0x00, 0x00, 0x00, 0x00, 0x00, 0x00, 0x00,
  0x00, 0x00, 0x00, 0x00, 0x00, 0x00, 0x00, 0x00, 0x00, 0x00, 0x00, 0x00,
  0x00, 0x00, 0x00, 0x00, 0x00, 0x00, 0x00, 0x00, 0x00, 0x00, 0x00, 0x00,
  0x00, 0x00, 0x00, 0x00, 0x20, 0x00, 0x00, 0x00, 0xe7, 0x37, 0x4a, 0x3b,
  0x24, 0x03, 0x29, 0x3b, 0x6d, 0x9b, 0x0d, 0x3b, 0xe5, 0x9d, 0x1b, 0x3b,
  0x1d, 0xfd, 0x08, 0x3b, 0x07, 0xda, 0x67, 0x3b, 0x4c, 0x18, 0x25, 0x3b,
  0x6d, 0x4f, 0x0c, 0x3b, 0x35, 0x20, 0x06, 0x3b, 0x8a, 0xaa, 0x27, 0x3b,
  0x94, 0x35, 0x3a, 0x3b, 0x17, 0x5b, 0x24, 0x3b, 0xea, 0x76, 0x20, 0x3b,
  0xf9, 0x59, 0x1c, 0x3b, 0x12, 0x5d, 0x0d, 0x3b, 0xfb, 0x66, 0x2a, 0x3b,
  0xf3, 0x1a, 0x12, 0x3b, 0x28, 0x86, 0x62, 0x3b, 0x15, 0x07, 0x26, 0x3b,
  0x21, 0x0b, 0x36, 0x3b, 0xa0, 0x87, 0x4f, 0x3b, 0x09, 0x93, 0x1e, 0x3b,
  0x2c, 0xed, 0x19, 0x3b, 0x2f, 0x69, 0x1a, 0x3b, 0xe6, 0x5b, 0x2c, 0x3b,
  0x3f, 0x5c, 0x70, 0x3b, 0x72, 0xbe, 0x1e, 0x3b, 0xbf, 0xf5, 0x37, 0x3b,
  0x82, 0x6e, 0x16, 0x3b, 0x80, 0x61, 0x13, 0x3b, 0x78, 0x0e, 0x1d, 0x3b,
  0xa2, 0xc5, 0x01, 0x3b, 0x20, 0x00, 0x00, 0x00, 0x77, 0xa3, 0xc8, 0x3e,
  0x1e, 0xb1, 0xa7, 0x3e, 0x1f, 0xa5, 0x8a, 0x3e, 0xa9, 0x66, 0x9a, 0x3e,
  0x75, 0x7e, 0x72, 0x3e, 0xf5, 0x47, 0x89, 0x3e, 0xdb, 0xf8, 0x95, 0x3e,
  0x4d, 0x9b, 0x62, 0x3e, 0x92, 0x4d, 0x51, 0x3e, 0x44, 0x7c, 0x96, 0x3e,
  0x0d, 0x31, 0x96, 0x3e, 0x61, 0x12, 0xa3, 0x3e, 0xfc, 0x35, 0x9f, 0x3e,
  0x0f, 0xad, 0x8c, 0x3e, 0x58, 0x42, 0x8c, 0x3e, 0x4a, 0xf8, 0x9b, 0x3e,
  0xbd, 0xf6, 0x90, 0x3e, 0xfd, 0x21, 0xa1, 0x3e, 0x07, 0xbb, 0xa4, 0x3e,
  0x0b, 0x9f, 0xb4, 0x3e, 0x91, 0xe8, 0xcd, 0x3e, 0xe3, 0x55, 0x9d, 0x3e,
  0x52, 0xb9, 0x98, 0x3e, 0x5d, 0x34, 0x99, 0x3e, 0x2e, 0x03, 0xab, 0x3e,
  0xff, 0x73, 0x91, 0x3e, 0xf5, 0x80, 0x9d, 0x3e, 0x0c, 0x74, 0x8b, 0x3e,
  0xa5, 0x41, 0x95, 0x3e, 0xbd, 0x3a, 0x92, 0x3e, 0x08, 0xb5, 0x88, 0x3e,
  0x17, 0xc2, 0x80, 0x3e, 0x20, 0x00, 0x00, 0x00, 0x9c, 0x38, 0x78, 0xbe,
  0xe9, 0x4d, 0xa1, 0xbe, 0x36, 0x80, 0x8c, 0xbe, 0xf3, 0x17, 0x90, 0xbe,
  0x23, 0xeb, 0x87, 0xbe, 0x53, 0x0a, 0xe6, 0xbe, 0x1b, 0xce, 0xa3, 0xbe,
  0xce, 0x36, 0x8b, 0xbe, 0xf5, 0x13, 0x85, 0xbe, 0x35, 0x5b, 0xa6, 0xbe,
  0x29, 0xc1, 0xb8, 0xbe, 0x3c, 0x94, 0x9c, 0xbe, 0xde, 0xd4, 0x7f, 0xbe,
  0x45, 0x21, 0x9b, 0xbe, 0xbb, 0x71, 0x88, 0xbe, 0x2d, 0x12, 0xa9, 0xbe,
  0xb3, 0xeb, 0x82, 0xbe, 0x1c, 0xc1, 0xe0, 0xbe, 0x5d, 0xff, 0x81, 0xbe,
  0x76, 0x8f, 0x8a, 0xbe, 0x65, 0xbe, 0x91, 0xbe, 0x2a, 0xfc, 0x90, 0xbe,
  0x2f, 0x97, 0x85, 0xbe, 0x3e, 0x51, 0x6e, 0xbe, 0x73, 0x0e, 0x9a, 0xbe,
  0x87, 0x7b, 0xee, 0xbe, 0xe8, 0x6a, 0x96, 0xbe, 0xd4, 0x85, 0xb6, 0xbe,
  0x91, 0x31, 0x84, 0xbe, 0x0c, 0x26, 0x7b, 0xbe, 0x5b, 0xd4, 0x9b, 0xbe,
  0xc5, 0xc4, 0x66, 0xbe, 0x17, 0x00, 0x00, 0x00, 0x66, 0x75, 0x6e, 0x63,
  0x74, 0x69, 0x6f, 0x6e, 0x61, 0x6c, 0x2f, 0x64, 0x65, 0x6e, 0x73, 0x65,
  0x2f, 0x4d, 0x61, 0x74, 0x4d, 0x75, 0x6c, 0x00, 0x02, 0x00, 0x00, 0x00,
  0x20, 0x00, 0x00, 0x00, 0x44, 0x00, 0x00, 0x00, 0x72, 0xef, 0xff, 0xff,
  0x00, 0x00, 0x00, 0x01, 0x14, 0x00, 0x00, 0x00, 0x70, 0x00, 0x00, 0x00,
  0x09, 0x00, 0x00, 0x00, 0x00, 0x00, 0x00, 0x09, 0x84, 0x00, 0x00, 0x00,
  0x4c, 0xea, 0xff, 0xff, 0x10, 0x00, 0x00, 0x00, 0x28, 0x00, 0x00, 0x00,
  0x34, 0x00, 0x00, 0x00, 0x40, 0x00, 0x00, 0x00, 0x03, 0x00, 0x00, 0x00,
  0x00, 0x00, 0x00, 0x00, 0x00, 0x00, 0x00, 0x00, 0x00, 0x00, 0x00, 0x00,
  0x00, 0x00, 0x00, 0x00, 0x00, 0x00, 0x00, 0x00, 0x00, 0x00, 0x00, 0x00,
  0x03, 0x00, 0x00, 0x00, 0x7c, 0x9d, 0x82, 0x3b, 0x96, 0x76, 0x8c, 0x3b,
  0x06, 0x27, 0x82, 0x3b, 0x03, 0x00, 0x00, 0x00, 0x41, 0x98, 0x01, 0x3f,
  0xe0, 0x53, 0x0a, 0x3f, 0xb8, 0x22, 0x01, 0x3f, 0x03, 0x00, 0x00, 0x00,
  0xad, 0xd5, 0xdb, 0xbe, 0xa9, 0x5d, 0x0b, 0xbf, 0xd3, 0x4b, 0xff, 0xbe,
  0x19, 0x00, 0x00, 0x00, 0x66, 0x75, 0x6e, 0x63, 0x74, 0x69, 0x6f, 0x6e,
  0x61, 0x6c, 0x2f, 0x64, 0x65, 0x6e, 0x73, 0x65, 0x5f, 0x31, 0x2f, 0x4d,
  0x61, 0x74, 0x4d, 0x75, 0x6c, 0x00, 0x00, 0x00, 0x02, 0x00, 0x00, 0x00,
  0x03, 0x00, 0x00, 0x00, 0x20, 0x00, 0x00, 0x00, 0x1a, 0xf0, 0xff, 0xff,
  0x00, 0x00, 0x00, 0x01, 0x14, 0x00, 0x00, 0x00, 0x78, 0x01, 0x00, 0x00,
  0x08, 0x00, 0x00, 0x00, 0x00, 0x00, 0x00, 0x09, 0xec, 0x01, 0x00, 0x00,
  0xf4, 0xea, 0xff, 0xff, 0x10, 0x00, 0x00, 0x00, 0x94, 0x00, 0x00, 0x00,
  0xd4, 0x00, 0x00, 0x00, 0x14, 0x01, 0x00, 0x00, 0x10, 0x00, 0x00, 0x00,
  0x00, 0x00, 0x00, 0x00, 0x00, 0x00, 0x00, 0x00, 0x00, 0x00, 0x00, 0x00,
  0x00, 0x00, 0x00, 0x00, 0x00, 0x00, 0x00, 0x00, 0x00, 0x00, 0x00, 0x00,
  0x00, 0x00, 0x00, 0x00, 0x00, 0x00, 0x00, 0x00, 0x00, 0x00, 0x00, 0x00,
  0x00, 0x00, 0x00, 0x00, 0x00, 0x00, 0x00, 0x00, 0x00, 0x00, 0x00, 0x00,
  0x00, 0x00, 0x00, 0x00, 0x00, 0x00, 0x00, 0x00, 0x00, 0x00, 0x00, 0x00,
  0x00, 0x00, 0x00, 0x00, 0x00, 0x00, 0x00, 0x00, 0x00, 0x00, 0x00, 0x00,
  0x00, 0x00, 0x00, 0x00, 0x00, 0x00, 0x00, 0x00, 0x00, 0x00, 0x00, 0x00,
  0x00, 0x00, 0x00, 0x00, 0x00, 0x00, 0x00, 0x00, 0x00, 0x00, 0x00, 0x00,
  0x00, 0x00, 0x00, 0x00, 0x00, 0x00, 0x00, 0x00, 0x00, 0x00, 0x00, 0x00,
  0x00, 0x00, 0x00, 0x00, 0x00, 0x00, 0x00, 0x00, 0x00, 0x00, 0x00, 0x00,
  0x00, 0x00, 0x00, 0x00, 0x00, 0x00, 0x00, 0x00, 0x00, 0x00, 0x00, 0x00,
  0x10, 0x00, 0x00, 0x00, 0x71, 0x48, 0xde, 0x3b, 0x2d, 0x8c, 0x41, 0x3b,
  0x9d, 0x18, 0x8d, 0x3b, 0x47, 0x8c, 0xb7, 0x3b, 0x8e, 0x65, 0xa7, 0x3b,
  0x6d, 0x05, 0x3a, 0x3c, 0x88, 0xe1, 0xed, 0x3a, 0xee, 0x65, 0x09, 0x3c,
  0xe0, 0x5e, 0x76, 0x3c, 0x33, 0x46, 0x10, 0x3c, 0xc7, 0xe5, 0x54, 0x3b,
  0xe2, 0xe4, 0x87, 0x3b, 0xa5, 0xa2, 0x1c, 0x3b, 0x4c, 0x63, 0xed, 0x3b,
  0x7f, 0xff, 0x11, 0x3c, 0x1d, 0x38, 0xcf, 0x3b, 0x10, 0x00, 0x00, 0x00,
  0xe0, 0x8b, 0x5c, 0x3f, 0x15, 0x09, 0xc0, 0x3e, 0x5d, 0x45, 0x80, 0x3e,
  0x2e, 0x1d, 0x36, 0x3f, 0xc3, 0x16, 0x26, 0x3f, 0xd2, 0xa6, 0xb0, 0x3f,
  0xc5, 0x05, 0x6c, 0x3e, 0x6c, 0x20, 0x4f, 0x3f, 0xea, 0x90, 0xc8, 0x3f,
  0x9a, 0xbb, 0x7e, 0x3f, 0xda, 0x22, 0x3b, 0x3e, 0x87, 0x3b, 0x46, 0x3e,
  0x60, 0x69, 0x9b, 0x3e, 0xc3, 0xdc, 0x22, 0x3f, 0x80, 0xdb, 0x90, 0x3f,
  0xad, 0x99, 0x4d, 0x3f, 0x10, 0x00, 0x00, 0x00, 0x83, 0x24, 0x47, 0xbf,
  0x64, 0xa1, 0x6e, 0xbe, 0x6c, 0xfe, 0x0b, 0xbf, 0xc6, 0xc9, 0x1c, 0xbf,
  0x65, 0xa3, 0x1f, 0xbf, 0x62, 0x91, 0xb8, 0xbf, 0xaf, 0xbe, 0x00, 0x3d,
  0x22, 0x53, 0x88, 0xbf, 0x22, 0x72, 0xf4, 0xbf, 0xa7, 0x25, 0x8f, 0xbf,
  0xfb, 0x3b, 0xd3, 0xbe, 0x18, 0xd5, 0x06, 0xbf, 0x44, 0x08, 0xd8, 0xbc,
  0x85, 0x88, 0x6b, 0xbf, 0xe3, 0x8f, 0x89, 0xbf, 0x46, 0x4e, 0x05, 0xbf,
  0x79, 0x00, 0x00, 0x00, 0x66, 0x75, 0x6e, 0x63, 0x74, 0x69, 0x6f, 0x6e,
  0x61, 0x6c, 0x2f, 0x62, 0x61, 0x74, 0x63, 0x68, 0x5f, 0x6e, 0x6f, 0x72,
  0x6d, 0x61, 0x6c, 0x69, 0x7a, 0x61, 0x74, 0x69, 0x6f, 0x6e, 0x2f, 0x62,
  0x61, 0x74, 0x63, 0x68, 0x6e, 0x6f, 0x72, 0x6d, 0x2f, 0x6d, 0x75, 0x6c,
  0x5f, 0x31, 0x3b, 0x66, 0x75, 0x6e, 0x63, 0x74, 0x69, 0x6f, 0x6e, 0x61,
  0x6c, 0x2f, 0x63, 0x6f, 0x6e, 0x76, 0x32, 0x64, 0x2f, 0x63, 0x6f, 0x6e,
  0x76, 0x6f, 0x6c, 0x75, 0x74, 0x69, 0x6f, 0x6e, 0x3b, 0x66, 0x75, 0x6e,
  0x63, 0x74, 0x69, 0x6f, 0x6e, 0x61, 0x6c, 0x2f, 0x62, 0x61, 0x74, 0x63,
  0x68, 0x5f, 0x6e, 0x6f, 0x72, 0x6d, 0x61, 0x6c, 0x69, 0x7a, 0x61, 0x74,
  0x69, 0x6f, 0x6e, 0x2f, 0x62, 0x61, 0x74, 0x63, 0x68, 0x6e, 0x6f, 0x72,
  0x6d, 0x2f, 0x6d, 0x75, 0x6c, 0x00, 0x00, 0x00, 0x04, 0x00, 0x00, 0x00,
  0x10, 0x00, 0x00, 0x00, 0x01, 0x00, 0x00, 0x00, 0x07, 0x00, 0x00, 0x00,
  0x01, 0x00, 0x00, 0x00, 0x32, 0xf2, 0xff, 0xff, 0x00, 0x00, 0x00, 0x01,
  0x14, 0x00, 0x00, 0x00, 0xb4, 0x02, 0x00, 0x00, 0x07, 0x00, 0x00, 0x00,
  0x00, 0x00, 0x00, 0x09, 0x2c, 0x03, 0x00, 0x00, 0x0c, 0xed, 0xff, 0xff,
  0x10, 0x00, 0x00, 0x00, 0x10, 0x01, 0x00, 0x00, 0x90, 0x01, 0x00, 0x00,
  0x10, 0x02, 0x00, 0x00, 0x20, 0x00, 0x00, 0x00, 0x00, 0x00, 0x00, 0x00,
  0x00, 0x00, 0x00, 0x00, 0x00, 0x00, 0x00, 0x00, 0x00, 0x00, 0x00, 0x00,
  0x00, 0x00, 0x00, 0x00, 0x00, 0x00, 0x00, 0x00, 0x00, 0x00, 0x00, 0x00,
  0x00, 0x00, 0x00, 0x00, 0x00, 0x00, 0x00, 0x00, 0x00, 0x00, 0x00, 0x00,
  0x00, 0x00, 0x00, 0x00, 0x00, 0x00, 0x00, 0x00, 0x00, 0x00, 0x00, 0x00,
  0x00, 0x00, 0x00, 0x00, 0x00, 0x00, 0x00, 0x00, 0x00, 0x00, 0x00, 0x00,
  0x00, 0x00, 0x00, 0x00, 0x00, 0x00, 0x00, 0x00, 0x00, 0x00, 0x00, 0x00,
  0x00, 0x00, 0x00, 0x00, 0x00, 0x00, 0x00, 0x00, 0x00, 0x00, 0x00, 0x00,
  0x00, 0x00, 0x00, 0x00, 0x00, 0x00, 0x00, 0x00, 0x00, 0x00, 0x00, 0x00,
  0x00, 0x00, 0x00, 0x00, 0x00, 0x00, 0x00, 0x00, 0x00, 0x00, 0x00, 0x00,
  0x00, 0x00, 0x00, 0x00, 0x00, 0x00, 0x00, 0x00, 0x00, 0x00, 0x00, 0x00,
  0x00, 0x00, 0x00, 0x00, 0x00, 0x00, 0x00, 0x00, 0x00, 0x00, 0x00, 0x00,
  0x00, 0x00, 0x00, 0x00, 0x00, 0x00, 0x00, 0x00, 0x00, 0x00, 0x00, 0x00,
  0x00, 0x00, 0x00, 0x00, 0x00, 0x00, 0x00, 0x00, 0x00, 0x00, 0x00, 0x00,
  0x00, 0x00, 0x00, 0x00, 0x00, 0x00, 0x00, 0x00, 0x00, 0x00, 0x00, 0x00,
  0x00, 0x00, 0x00, 0x00, 0x00, 0x00, 0x00, 0x00, 0x00, 0x00, 0x00, 0x00,
  0x00, 0x00, 0x00, 0x00, 0x00, 0x00, 0x00, 0x00, 0x00, 0x00, 0x00, 0x00,
  0x00, 0x00, 0x00, 0x00, 0x00, 0x00, 0x00, 0x00, 0x00, 0x00, 0x00, 0x00,
  0x00, 0x00, 0x00, 0x00, 0x00, 0x00, 0x00, 0x00, 0x00, 0x00, 0x00, 0x00,
  0x00, 0x00, 0x00, 0x00, 0x00, 0x00, 0x00, 0x00, 0x00, 0x00, 0x00, 0x00,
  0x00, 0x00, 0x00, 0x00, 0x00, 0x00, 0x00, 0x00, 0x00, 0x00, 0x00, 0x00,
  0x00, 0x00, 0x00, 0x00, 0x00, 0x00, 0x00, 0x00, 0x00, 0x00, 0x00, 0x00,
  0x20, 0x00, 0x00, 0x00, 0xde, 0x71, 0x1f, 0x3b, 0x69, 0x3b, 0x19, 0x3b,
  0x04, 0x8e, 0xde, 0x3a, 0x86, 0x6c, 0x67, 0x3b, 0x5a, 0xf6, 0xe0, 0x3a,
  0x67, 0xc6, 0x24, 0x3b, 0x74, 0x08, 0x01, 0x3b, 0xdb, 0x61, 0x36, 0x3b,
  0x9f, 0xdf, 0x2a, 0x3b, 0x99, 0x01, 0x1e, 0x3b, 0xd4, 0xf7, 0x1e, 0x3b,
  0xeb, 0x88, 0xcd, 0x3a, 0xab, 0xc0, 0x43, 0x3b, 0x3a, 0xab, 0xe6, 0x3a,
  0xc7, 0xae, 0xe9, 0x3a, 0xa0, 0x58, 0x28, 0x3b, 0xd6, 0xa9, 0xf4, 0x3a,
  0xd5, 0xf3, 0x06, 0x3b, 0xff, 0xda, 0x2a, 0x3b, 0xe2, 0x9c, 0xd1, 0x3a,
  0x54, 0xbc, 0x4d, 0x3b, 0x1e, 0x0f, 0x91, 0x3b, 0x08, 0x5b, 0x55, 0x3b,
  0x8a, 0xa8, 0x4d, 0x3b, 0x19, 0xf2, 0x48, 0x3b, 0x98, 0xb2, 0xbc, 0x3a,
  0x4e, 0x6b, 0x14, 0x3b, 0x13, 0xb4, 0x24, 0x3b, 0xb6, 0xed, 0x8c, 0x3b,
  0x7f, 0x6c, 0x97, 0x3b, 0x90, 0xf0, 0x2e, 0x3b, 0xd0, 0xdd, 0x5c, 0x3b,
  0x20, 0x00, 0x00, 0x00, 0xcf, 0x91, 0x67, 0x3e, 0x90, 0x32, 0x7b, 0x3e,
  0xdf, 0x6f, 0x52, 0x3e, 0xa2, 0x18, 0xce, 0x3e, 0x4e, 0x47, 0x11, 0x3e,
  0x7f, 0x5f, 0x55, 0x3e, 0x63, 0x06, 0x80, 0x3e, 0x77, 0xd0, 0x51, 0x3e,
  0xe0, 0x89, 0xa9, 0x3e, 0x96, 0xc5, 0x9c, 0x3e, 0x6e, 0xd1, 0x8a, 0x3e,
  0x70, 0x6f, 0x1b, 0x3e, 0x2a, 0x26, 0x8b, 0x3e, 0xe1, 0x12, 0x5b, 0x3e,
  0x69, 0xdb, 0x67, 0x3e, 0xef, 0x07, 0xa7, 0x3e, 0x82, 0xc0, 0x72, 0x3e,
  0x2b, 0xca, 0x77, 0x3e, 0x8f, 0xb1, 0x9d, 0x3e, 0x4b, 0x28, 0x3f, 0x3e,
  0x89, 0xf8, 0xaa, 0x3e, 0x62, 0x0e, 0xd8, 0x3e, 0x78, 0xb6, 0xb2, 0x3e,
  0x39, 0x0d, 0xcc, 0x3e, 0xfb, 0xa6, 0xa6, 0x3e, 0x33, 0x39, 0x3b, 0x3e,
  0x0a, 0x52, 0x85, 0x3e, 0xee, 0xea, 0x8d, 0x3e, 0xdd, 0x2d, 0x05, 0x3f,
  0xed, 0x82, 0xb2, 0x3e, 0x18, 0x0b, 0x92, 0x3e, 0x72, 0x19, 0xd5, 0x3e,
  0x20, 0x00, 0x00, 0x00, 0xfa, 0x32, 0x9e, 0xbe, 0xf2, 0x08, 0x98, 0xbe,
  0xe8, 0xd0, 0x5c, 0xbe, 0xad, 0x9d, 0xe5, 0xbe, 0x6d, 0x34, 0x5f, 0xbe,
  0xda, 0x7c, 0xa3, 0xbe, 0xff, 0x29, 0x76, 0xbe, 0x17, 0xf5, 0xb4, 0xbe,
  0x51, 0x03, 0xa7, 0xbe, 0x61, 0xff, 0x99, 0xbe, 0xe4, 0xb9, 0x9d, 0xbe,
  0xd9, 0xed, 0x4b, 0xbe, 0x2a, 0x39, 0xc2, 0xbe, 0xe4, 0xdd, 0x64, 0xbe,
  0x83, 0x81, 0x39, 0xbe, 0xa1, 0xd2, 0xa3, 0xbe, 0x1e, 0xe4, 0x56, 0xbe,
  0xed, 0xe5, 0x85, 0xbe, 0x49, 0x85, 0xa9, 0xbe, 0xa8, 0xf9, 0x4f, 0xbe,
  0xdb, 0x20, 0xcc, 0xbe, 0x00, 0xed, 0x0f, 0xbf, 0x52, 0xb0, 0xd3, 0xbe,
  0x84, 0xa6, 0xc7, 0xbe, 0x35, 0x60, 0xc7, 0xbe, 0xb9, 0x98, 0x31, 0xbe,
  0x77, 0x42, 0x93, 0xbe, 0xab, 0x6a, 0xa3, 0xbe, 0xdb, 0xd3, 0x0b, 0xbf,
  0xa6, 0x3d, 0x16, 0xbf, 0xaf, 0x92, 0xad, 0xbe, 0x14, 0x24, 0xdb, 0xbe,
  0x7f, 0x00, 0x00, 0x00, 0x66, 0x75, 0x6e, 0x63, 0x74, 0x69, 0x6f, 0x6e,
  0x61, 0x6c, 0x2f, 0x62, 0x61, 0x74, 0x63, 0x68, 0x5f, 0x6e, 0x6f, 0x72,
  0x6d, 0x61, 0x6c, 0x69, 0x7a, 0x61, 0x74, 0x69, 0x6f, 0x6e, 0x5f, 0x31,
  0x2f, 0x62, 0x61, 0x74, 0x63, 0x68, 0x6e, 0x6f, 0x72, 0x6d, 0x2f, 0x6d,
  0x75, 0x6c, 0x5f, 0x31, 0x3b, 0x66, 0x75, 0x6e, 0x63, 0x74, 0x69, 0x6f,
  0x6e, 0x61, 0x6c, 0x2f, 0x63, 0x6f, 0x6e, 0x76, 0x32, 0x64, 0x5f, 0x31,
  0x2f, 0x63, 0x6f, 0x6e, 0x76, 0x6f, 0x6c, 0x75, 0x74, 0x69, 0x6f, 0x6e,
  0x3b, 0x66, 0x75, 0x6e, 0x63, 0x74, 0x69, 0x6f, 0x6e, 0x61, 0x6c, 0x2f,
  0x62, 0x61, 0x74, 0x63, 0x68, 0x5f, 0x6e, 0x6f, 0x72, 0x6d, 0x61, 0x6c,
  0x69, 0x7a, 0x61, 0x74, 0x69, 0x6f, 0x6e, 0x5f, 0x31, 0x2f, 0x62, 0x61,
  0x74, 0x63, 0x68, 0x6e, 0x6f, 0x72, 0x6d, 0x2f, 0x6d, 0x75, 0x6c, 0x00,
  0x04, 0x00, 0x00, 0x00, 0x20, 0x00, 0x00, 0x00, 0x01, 0x00, 0x00, 0x00,
  0x05, 0x00, 0x00, 0x00, 0x10, 0x00, 0x00, 0x00, 0x8a, 0xf5, 0xff, 0xff,
  0x00, 0x00, 0x00, 0x01, 0x14, 0x00, 0x00, 0x00, 0x34, 0x05, 0x00, 0x00,
  0x06, 0x00, 0x00, 0x00, 0x00, 0x00, 0x00, 0x09, 0xac, 0x05, 0x00, 0x00,
  0x64, 0xf0, 0xff, 0xff, 0x10, 0x00, 0x00, 0x00, 0x10, 0x02, 0x00, 0x00,
  0x10, 0x03, 0x00, 0x00, 0x10, 0x04, 0x00, 0x00, 0x40, 0x00, 0x00, 0x00,
  0x00, 0x00, 0x00, 0x00, 0x00, 0x00, 0x00, 0x00, 0x00, 0x00, 0x00, 0x00,
  0x00, 0x00, 0x00, 0x00, 0x00, 0x00, 0x00, 0x00, 0x00, 0x00, 0x00, 0x00,
  0x00, 0x00, 0x00, 0x00, 0x00, 0x00, 0x00, 0x00, 0x00, 0x00, 0x00, 0x00,
  0x00, 0x00, 0x00, 0x00, 0x00, 0x00, 0x00, 0x00, 0x00, 0x00, 0x00, 0x00,
  0x00, 0x00, 0x00, 0x00, 0x00, 0x00, 0x00, 0x00, 0x00, 0x00, 0x00, 0x00,
  0x00, 0x00, 0x00, 0x00, 0x00, 0x00, 0x00, 0x00, 0x00, 0x00, 0x00, 0x00,
  0x00, 0x00, 0x00, 0x00, 0x00, 0x00, 0x00, 0x00, 0x00, 0x00, 0x00, 0x00,
  0x00, 0x00, 0x00, 0x00, 0x00, 0x00, 0x00, 0x00, 0x00, 0x00, 0x00, 0x00,
  0x00, 0x00, 0x00, 0x00, 0x00, 0x00, 0x00, 0x00, 0x00, 0x00, 0x00, 0x00,
  0x00, 0x00, 0x00, 0x00, 0x00, 0x00, 0x00, 0x00, 0x00, 0x00, 0x00, 0x00,
  0x00, 0x00, 0x00, 0x00, 0x00, 0x00, 0x00, 0x00, 0x00, 0x00, 0x00, 0x00,
  0x00, 0x00, 0x00, 0x00, 0x00, 0x00, 0x00, 0x00, 0x00, 0x00, 0x00, 0x00,
  0x00, 0x00, 0x00, 0x00, 0x00, 0x00, 0x00, 0x00, 0x00, 0x00, 0x00, 0x00,
  0x00, 0x00, 0x00, 0x00, 0x00, 0x00, 0x00, 0x00, 0x00, 0x00, 0x00, 0x00,
  0x00, 0x00, 0x00, 0x00, 0x00, 0x00, 0x00, 0x00, 0x00, 0x00, 0x00, 0x00,
  0x00, 0x00, 0x00, 0x00, 0x00, 0x00, 0x00, 0x00, 0x00, 0x00, 0x00, 0x00,
  0x00, 0x00, 0x00, 0x00, 0x00, 0x00, 0x00, 0x00, 0x00, 0x00, 0x00, 0x00,
  0x00, 0x00, 0x00, 0x00, 0x00, 0x00, 0x00, 0x00, 0x00, 0x00, 0x00, 0x00,
  0x00, 0x00, 0x00, 0x00, 0x00, 0x00, 0x00, 0x00, 0x00, 0x00, 0x00, 0x00,
  0x00, 0x00, 0x00, 0x00, 0x00, 0x00, 0x00, 0x00, 0x00, 0x00, 0x00, 0x00,
  0x00, 0x00, 0x00, 0x00, 0x00, 0x00, 0x00, 0x00, 0x00, 0x00, 0x00, 0x00,
  0x00, 0x00, 0x00, 0x00, 0x00, 0x00, 0x00, 0x00, 0x00, 0x00, 0x00, 0x00,
  0x00, 0x00, 0x00, 0x00, 0x00, 0x00, 0x00, 0x00, 0x00, 0x00, 0x00, 0x00,
  0x00, 0x00, 0x00, 0x00, 0x00, 0x00, 0x00, 0x00, 0x00, 0x00, 0x00, 0x00,
  0x00, 0x00, 0x00, 0x00, 0x00, 0x00, 0x00, 0x00, 0x00, 0x00, 0x00, 0x00,
  0x00, 0x00, 0x00, 0x00, 0x00, 0x00, 0x00, 0x00, 0x00, 0x00, 0x00, 0x00,
  0x00, 0x00, 0x00, 0x00, 0x00, 0x00, 0x00, 0x00, 0x00, 0x00, 0x00, 0x00,
  0x00, 0x00, 0x00, 0x00, 0x00, 0x00, 0x00, 0x00, 0x00, 0x00, 0x00, 0x00,
  0x00, 0x00, 0x00, 0x00, 0x00, 0x00, 0x00, 0x00, 0x00, 0x00, 0x00, 0x00,
  0x00, 0x00, 0x00, 0x00, 0x00, 0x00, 0x00, 0x00, 0x00, 0x00, 0x00, 0x00,
  0x00, 0x00, 0x00, 0x00, 0x00, 0x00, 0x00, 0x00, 0x00, 0x00, 0x00, 0x00,
  0x00, 0x00, 0x00, 0x00, 0x00, 0x00, 0x00, 0x00, 0x00, 0x00, 0x00, 0x00,
  0x00, 0x00, 0x00, 0x00, 0x00, 0x00, 0x00, 0x00, 0x00, 0x00, 0x00, 0x00,
  0x00, 0x00, 0x00, 0x00, 0x00, 0x00, 0x00, 0x00, 0x00, 0x00, 0x00, 0x00,
  0x00, 0x00, 0x00, 0x00, 0x00, 0x00, 0x00, 0x00, 0x00, 0x00, 0x00, 0x00,
  0x00, 0x00, 0x00, 0x00, 0x00, 0x00, 0x00, 0x00, 0x00, 0x00, 0x00, 0x00,
  0x00, 0x00, 0x00, 0x00, 0x00, 0x00, 0x00, 0x00, 0x00, 0x00, 0x00, 0x00,
  0x00, 0x00, 0x00, 0x00, 0x00, 0x00, 0x00, 0x00, 0x00, 0x00, 0x00, 0x00,
  0x00, 0x00, 0x00, 0x00, 0x00, 0x00, 0x00, 0x00, 0x00, 0x00, 0x00, 0x00,
  0x00, 0x00, 0x00, 0x00, 0x00, 0x00, 0x00, 0x00, 0x00, 0x00, 0x00, 0x00,
  0x00, 0x00, 0x00, 0x00, 0x00, 0x00, 0x00, 0x00, 0x00, 0x00, 0x00, 0x00,
  0x00, 0x00, 0x00, 0x00, 0x00, 0x00, 0x00, 0x00, 0x00, 0x00, 0x00, 0x00,
  0x00, 0x00, 0x00, 0x00, 0x00, 0x00, 0x00, 0x00, 0x40, 0x00, 0x00, 0x00,
  0x79, 0xc2, 0x16, 0x3b, 0xb4, 0xef, 0x80, 0x3b, 0x71, 0xe4, 0x82, 0x3b,
  0xd1, 0x72, 0x7a, 0x3b, 0xd3, 0x63, 0x5c, 0x3b, 0x8e, 0xdd, 0x7f, 0x3b,
  0x8b, 0x72, 0xd8, 0x3b, 0xf9, 0xdd, 0x7e, 0x3b, 0xda, 0x11, 0x16, 0x3b,
  0xe0, 0xe2, 0xcc, 0x3b, 0xee, 0x83, 0x87, 0x3b, 0x2b, 0x38, 0x74, 0x3b,
  0x75, 0x12, 0xac, 0x3b, 0xd4, 0x12, 0x51, 0x3b, 0xa0, 0xfa, 0x80, 0x3b,
  0xfe, 0x53, 0xd8, 0x3b, 0x9a, 0xda, 0x8e, 0x3b, 0x55, 0x7e, 0x59, 0x3b,
  0x47, 0x72, 0x3c, 0x3b, 0x95, 0x5b, 0xbd, 0x3b, 0x17, 0x65, 0x10, 0x3b,
  0x59, 0xa7, 0x5d, 0x3b, 0x37, 0xa0, 0xed, 0x3b, 0x08, 0x66, 0x78, 0x3b,
  0xcf, 0xb2, 0xd8, 0x3b, 0x5c, 0x45, 0xa6, 0x3b, 0x7e, 0xed, 0x2f, 0x3b,
  0x89, 0xaf, 0x8b, 0x3b, 0xa0, 0xe9, 0x8e, 0x3b, 0x36, 0x30, 0xa2, 0x3b,
  0x7b, 0xe0, 0x7e, 0x3b, 0x45, 0x51, 0x1d, 0x3b, 0x58, 0xbe, 0x2f, 0x3b,
  0x24, 0x45, 0x53, 0x3b, 0x0e, 0x01, 0x4a, 0x3b, 0x9c, 0x19, 0xd6, 0x3b,
  0xd2, 0x16, 0x8a, 0x3b, 0xfe, 0x62, 0x9e, 0x3b, 0xb6, 0x37, 0x4a, 0x3b,
  0x47, 0x65, 0x1f, 0x3b, 0x6d, 0x36, 0x02, 0x3b, 0x59, 0x2d, 0x85, 0x3b,
  0xdb, 0x61, 0x97, 0x3b, 0xa4, 0x67, 0xa7, 0x3b, 0xab, 0x72, 0x7c, 0x3b,
  0x8b, 0xe3, 0x86, 0x3b, 0xcd, 0x00, 0x7c, 0x3b, 0xd8, 0x80, 0x8b, 0x3b,
  0x45, 0x2e, 0xa2, 0x3b, 0x89, 0x41, 0xc5, 0x3b, 0xf4, 0x54, 0xa2, 0x3b,
  0xf7, 0x87, 0x8f, 0x3b, 0xd8, 0x3e, 0x63, 0x3b, 0xd7, 0xa8, 0x9f, 0x3b,
  0x36, 0xf3, 0x99, 0x3b, 0x86, 0x46, 0x99, 0x3b, 0xf4, 0xaa, 0x8f, 0x3b,
  0xac, 0x35, 0xa6, 0x3b, 0xda, 0x72, 0x36, 0x3b, 0x5b, 0x56, 0x8c, 0x3b,
  0x15, 0x6e, 0x59, 0x3b, 0x26, 0x3c, 0x86, 0x3b, 0xea, 0xaa, 0x0a, 0x3b,
  0xb8, 0xf0, 0xd3, 0x3b, 0x40, 0x00, 0x00, 0x00, 0xf4, 0x94, 0x95, 0x3e,
  0x51, 0xe4, 0xfb, 0x3e, 0xa8, 0xde, 0x01, 0x3f, 0xcc, 0x0a, 0xc1, 0x3e,
  0xc8, 0xbd, 0xac, 0x3e, 0xd3, 0xdd, 0xfd, 0x3e, 0xa6, 0xc1, 0x56, 0x3f,
  0xd4, 0x4a, 0xba, 0x3e, 0x7d, 0x12, 0x81, 0x3e, 0x77, 0xc8, 0x39, 0x3f,
  0xe6, 0x74, 0x06, 0x3f, 0xa0, 0x06, 0xd5, 0x3e, 0x50, 0xba, 0x2a, 0x3f,
  0xae, 0x70, 0xcf, 0x3e, 0x80, 0xb3, 0xee, 0x3e, 0x56, 0xa3, 0x56, 0x3f,
  0x68, 0x29, 0x07, 0x3f, 0x58, 0xcb, 0xd7, 0x3e, 0x2e, 0xa8, 0x9a, 0x3e,
  0xf6, 0xae, 0x0a, 0x3f, 0x72, 0xa5, 0x72, 0x3e, 0x0a, 0xec, 0xdb, 0x3e,
  0x72, 0xa8, 0x37, 0x3f, 0xbe, 0x37, 0xe1, 0x3e, 0x69, 0x01, 0x57, 0x3f,
  0x66, 0x64, 0x1a, 0x3f, 0x04, 0xff, 0x8f, 0x3e, 0x54, 0x56, 0x08, 0x3f,
  0xcd, 0xcb, 0x0d, 0x3f, 0x5d, 0xc4, 0x14, 0x3f, 0x7f, 0x03, 0xf2, 0x3e,
  0xa2, 0x16, 0x9c, 0x3e, 0x67, 0x2c, 0x89, 0x3e, 0x9a, 0x9e, 0xd1, 0x3e,
  0x0c, 0x6d, 0xc8, 0x3e, 0xdd, 0x9f, 0x07, 0x3f, 0xa4, 0x02, 0x09, 0x3f,
  0x38, 0x26, 0x1d, 0x3f, 0x47, 0xa3, 0xc8, 0x3e, 0x0c, 0x69, 0x97, 0x3e,
  0x00, 0x32, 0x81, 0x3e, 0x0d, 0x75, 0xe5, 0x3e, 0x1a, 0xea, 0xfb, 0x3e,
  0xd5, 0x18, 0x26, 0x3f, 0x23, 0x26, 0xc6, 0x3e, 0xc4, 0xd5, 0x05, 0x3f,
  0x30, 0x9c, 0xf0, 0x3e, 0xd6, 0x69, 0x0a, 0x3f, 0xf5, 0x01, 0xf8, 0x3e,
  0xac, 0xcf, 0x21, 0x3f, 0x69, 0x43, 0x02, 0x3f, 0xa8, 0xfe, 0xf1, 0x3e,
  0x5a, 0x78, 0xe1, 0x3e, 0x85, 0x69, 0x1e, 0x3f, 0x50, 0xbf, 0x18, 0x3f,
  0xf9, 0x13, 0x18, 0x3f, 0x9e, 0x8b, 0x0e, 0x3f, 0x41, 0xe9, 0x24, 0x3f,
  0xca, 0x4d, 0x95, 0x3e, 0x85, 0x4f, 0x03, 0x3f, 0x39, 0xbb, 0xd7, 0x3e,
  0xae, 0x2f, 0x05, 0x3f, 0xfb, 0xc2, 0x7d, 0x3e, 0xd7, 0x48, 0x52, 0x3f,
  0x40, 0x00, 0x00, 0x00, 0x64, 0x2d, 0x92, 0xbe, 0xa9, 0xdb, 0xff, 0xbe,
  0xb1, 0x9b, 0xf1, 0xbe, 0xeb, 0x7d, 0xf8, 0xbe, 0x0b, 0xab, 0xda, 0xbe,
  0x16, 0x04, 0xf4, 0xbe, 0x02, 0x14, 0x39, 0xbf, 0x3d, 0xe0, 0xfc, 0xbe,
  0xb6, 0xe5, 0x94, 0xbe, 0x1a, 0x49, 0x4b, 0xbf, 0x68, 0x19, 0xbd, 0xbe,
  0xbb, 0x4f, 0xf2, 0xbe, 0x27, 0x53, 0x26, 0xbf, 0x2e, 0xef, 0x9d, 0xbe,
  0x56, 0xf1, 0xff, 0xbe, 0x6f, 0x6f, 0x2e, 0xbf, 0xe5, 0xbc, 0x0d, 0xbf,
  0x4b, 0x74, 0xa5, 0xbe, 0x62, 0xf9, 0xba, 0xbe, 0xde, 0xe0, 0x3b, 0xbf,
  0x4d, 0x44, 0x8f, 0xbe, 0x3d, 0x72, 0xd1, 0xbe, 0xf7, 0xc4, 0x6b, 0xbf,
  0x3c, 0x75, 0xf6, 0xbe, 0x8c, 0x60, 0x2e, 0xbf, 0xd1, 0xf8, 0x24, 0xbf,
  0xa3, 0x8d, 0xae, 0xbe, 0x2a, 0x98, 0x0a, 0xbf, 0x45, 0x31, 0xd4, 0xbe,
  0xd6, 0xeb, 0x20, 0xbf, 0xba, 0xe2, 0xfc, 0xbe, 0x29, 0xb2, 0x97, 0xbe,
  0xdb, 0x5e, 0xae, 0xbe, 0xed, 0x16, 0xbc, 0xbe, 0xdb, 0x3a, 0xab, 0xbe,
  0x69, 0x6d, 0x54, 0xbf, 0xa3, 0x2f, 0xbe, 0xbe, 0xa8, 0x37, 0xc3, 0xbe,
  0x4d, 0x73, 0xc1, 0xbe, 0x7c, 0x26, 0x9e, 0xbe, 0x85, 0x49, 0x70, 0xbe,
  0xfe, 0x22, 0x04, 0xbf, 0x17, 0x33, 0x16, 0xbf, 0xbd, 0x07, 0xf8, 0xbe,
  0xc6, 0x79, 0xfa, 0xbe, 0x45, 0x04, 0xf5, 0xbe, 0xcb, 0x08, 0xfa, 0xbe,
  0x0e, 0x80, 0x00, 0xbf, 0xe8, 0xe9, 0x20, 0xbf, 0x06, 0xb7, 0x43, 0xbf,
  0x4a, 0x10, 0x21, 0xbf, 0xe7, 0x68, 0x0e, 0xbf, 0x67, 0x13, 0xb6, 0xbe,
  0x8b, 0x43, 0x04, 0xbf, 0x7a, 0xe3, 0x00, 0xbf, 0xd2, 0xa5, 0xf3, 0xbe,
  0x85, 0x53, 0xec, 0xbe, 0x38, 0xc5, 0x06, 0xbf, 0xf4, 0x05, 0xb5, 0xbe,
  0xae, 0x3d, 0x0b, 0xbf, 0x14, 0xc8, 0xb1, 0xbe, 0x59, 0xca, 0xec, 0xbe,
  0x94, 0x95, 0x89, 0xbe, 0xc0, 0xd3, 0xc9, 0xbe, 0x7f, 0x00, 0x00, 0x00,
  0x66, 0x75, 0x6e, 0x63, 0x74, 0x69, 0x6f, 0x6e, 0x61, 0x6c, 0x2f, 0x62,
  0x61, 0x74, 0x63, 0x68, 0x5f, 0x6e, 0x6f, 0x72, 0x6d, 0x61, 0x6c, 0x69,
  0x7a, 0x61, 0x74, 0x69, 0x6f, 0x6e, 0x5f, 0x32, 0x2f, 0x62, 0x61, 0x74,
  0x63, 0x68, 0x6e, 0x6f, 0x72, 0x6d, 0x2f, 0x6d, 0x75, 0x6c, 0x5f, 0x31,
  0x3b, 0x66, 0x75, 0x6e, 0x63, 0x74, 0x69, 0x6f, 0x6e, 0x61, 0x6c, 0x2f,
  0x63, 0x6f, 0x6e, 0x76, 0x32, 0x64, 0x5f, 0x32, 0x2f, 0x63, 0x6f, 0x6e,
  0x76, 0x6f, 0x6c, 0x75, 0x74, 0x69, 0x6f, 0x6e, 0x3b, 0x66, 0x75, 0x6e,
  0x63, 0x74, 0x69, 0x6f, 0x6e, 0x61, 0x6c, 0x2f, 0x62, 0x61, 0x74, 0x63,
  0x68, 0x5f, 0x6e, 0x6f, 0x72, 0x6d, 0x61, 0x6c, 0x69, 0x7a, 0x61, 0x74,
  0x69, 0x6f, 0x6e, 0x5f, 0x32, 0x2f, 0x62, 0x61, 0x74, 0x63, 0x68, 0x6e,
  0x6f, 0x72, 0x6d, 0x2f, 0x6d, 0x75, 0x6c, 0x00, 0x04, 0x00, 0x00, 0x00,
  0x40, 0x00, 0x00, 0x00, 0x01, 0x00, 0x00, 0x00, 0x03, 0x00, 0x00, 0x00,
  0x20, 0x00, 0x00, 0x00, 0x62, 0xfb, 0xff, 0xff, 0x00, 0x00, 0x00, 0x01,
  0x14, 0x00, 0x00, 0x00, 0xe4, 0x00, 0x00, 0x00, 0x05, 0x00, 0x00, 0x00,
  0x00, 0x00, 0x00, 0x02, 0xc8, 0x01, 0x00, 0x00, 0x4c, 0xfb, 0xff, 0xff,
  0x08, 0x00, 0x00, 0x00, 0x88, 0x00, 0x00, 0x00, 0x10, 0x00, 0x00, 0x00,
  0x00, 0x00, 0x00, 0x00, 0x00, 0x00, 0x00, 0x00, 0x00, 0x00, 0x00, 0x00,
  0x00, 0x00, 0x00, 0x00, 0x00, 0x00, 0x00, 0x00, 0x00, 0x00, 0x00, 0x00,
  0x00, 0x00, 0x00, 0x00, 0x00, 0x00, 0x00, 0x00, 0x00, 0x00, 0x00, 0x00,
  0x00, 0x00, 0x00, 0x00, 0x00, 0x00, 0x00, 0x00, 0x00, 0x00, 0x00, 0x00,
  0x00, 0x00, 0x00, 0x00, 0x00, 0x00, 0x00, 0x00, 0x00, 0x00, 0x00, 0x00,
  0x00, 0x00, 0x00, 0x00, 0x00, 0x00, 0x00, 0x00, 0x00, 0x00, 0x00, 0x00,
  0x00, 0x00, 0x00, 0x00, 0x00, 0x00, 0x00, 0x00, 0x00, 0x00, 0x00, 0x00,
  0x00, 0x00, 0x00, 0x00, 0x00, 0x00, 0x00, 0x00, 0x00, 0x00, 0x00, 0x00,
  0x00, 0x00, 0x00, 0x00, 0x00, 0x00, 0x00, 0x00, 0x00, 0x00, 0x00, 0x00,
  0x00, 0x00, 0x00, 0x00, 0x00, 0x00, 0x00, 0x00, 0x00, 0x00, 0x00, 0x00,
  0x00, 0x00, 0x00, 0x00, 0x00, 0x00, 0x00, 0x00, 0x10, 0x00, 0x00, 0x00,
  0xd0, 0x79, 0x13, 0x3a, 0x3a, 0x69, 0x80, 0x39, 0x27, 0x39, 0xbb, 0x39,
  0xab, 0x8d, 0xf3, 0x39, 0x3a, 0x1f, 0xde, 0x39, 0xcf, 0xd5, 0x76, 0x3a,
  0x11, 0xd3, 0x1d, 0x39, 0xfb, 0x50, 0x36, 0x3a, 0xfe, 0x74, 0xa3, 0x3a,
  0xb7, 0x70, 0x3f, 0x3a, 0xbe, 0x3f, 0x8d, 0x39, 0x0e, 0x52, 0xb4, 0x39,
  0xae, 0xd7, 0x4f, 0x39, 0x51, 0x7f, 0x1d, 0x3a, 0x48, 0xba, 0x41, 0x3a,
  0x4b, 0x7b, 0x09, 0x3a, 0xeb, 0x00, 0x00, 0x00, 0x66, 0x75, 0x6e, 0x63,
  0x74, 0x69, 0x6f, 0x6e, 0x61, 0x6c, 0x2f, 0x72, 0x65, 0x5f, 0x6c, 0x75,
  0x2f, 0x52, 0x65, 0x6c, 0x75, 0x3b, 0x66, 0x75, 0x6e, 0x63, 0x74, 0x69,
  0x6f, 0x6e, 0x61, 0x6c, 0x2f, 0x62, 0x61, 0x74, 0x63, 0x68, 0x5f, 0x6e,
  0x6f, 0x72, 0x6d, 0x61, 0x6c, 0x69, 0x7a, 0x61, 0x74, 0x69, 0x6f, 0x6e,
  0x2f, 0x62, 0x61, 0x74, 0x63, 0x68, 0x6e, 0x6f, 0x72, 0x6d, 0x2f, 0x61,
  0x64, 0x64, 0x5f, 0x31, 0x3b, 0x66, 0x75, 0x6e, 0x63, 0x74, 0x69, 0x6f,
  0x6e, 0x61, 0x6c, 0x2f, 0x62, 0x61, 0x74, 0x63, 0x68, 0x5f, 0x6e, 0x6f,
  0x72, 0x6d, 0x61, 0x6c, 0x69, 0x7a, 0x61, 0x74, 0x69, 0x6f, 0x6e, 0x2f,
  0x62, 0x61, 0x74, 0x63, 0x68, 0x6e, 0x6f, 0x72, 0x6d, 0x2f, 0x6d, 0x75,
  0x6c, 0x5f, 0x31, 0x3b, 0x66, 0x75, 0x6e, 0x63, 0x74, 0x69, 0x6f, 0x6e,
  0x61, 0x6c, 0x2f, 0x63, 0x6f, 0x6e, 0x76, 0x32, 0x64, 0x2f, 0x63, 0x6f,
  0x6e, 0x76, 0x6f, 0x6c, 0x75, 0x74, 0x69, 0x6f, 0x6e, 0x3b, 0x66, 0x75,
  0x6e, 0x63, 0x74, 0x69, 0x6f, 0x6e, 0x61, 0x6c, 0x2f, 0x62, 0x61, 0x74,
  0x63, 0x68, 0x5f, 0x6e, 0x6f, 0x72, 0x6d, 0x61, 0x6c, 0x69, 0x7a, 0x61,
  0x74, 0x69, 0x6f, 0x6e, 0x2f, 0x62, 0x61, 0x74, 0x63, 0x68, 0x6e, 0x6f,
  0x72, 0x6d, 0x2f, 0x6d, 0x75, 0x6c, 0x3b, 0x66, 0x75, 0x6e, 0x63, 0x74,
  0x69, 0x6f, 0x6e, 0x61, 0x6c, 0x2f, 0x62, 0x61, 0x74, 0x63, 0x68, 0x5f,
  0x6e, 0x6f, 0x72, 0x6d, 0x61, 0x6c, 0x69, 0x7a, 0x61, 0x74, 0x69, 0x6f,
  0x6e, 0x2f, 0x62, 0x61, 0x74, 0x63, 0x68, 0x6e, 0x6f, 0x72, 0x6d, 0x2f,
  0x73, 0x75, 0x62, 0x00, 0x01, 0x00, 0x00, 0x00, 0x10, 0x00, 0x00, 0x00,
  0x4a, 0xfd, 0xff, 0xff, 0x00, 0x00, 0x00, 0x01, 0x14, 0x00, 0x00, 0x00,
  0xa4, 0x01, 0x00, 0x00, 0x04, 0x00, 0x00, 0x00, 0x00, 0x00, 0x00, 0x02,
  0x94, 0x02, 0x00, 0x00, 0x34, 0xfd, 0xff, 0xff, 0x08, 0x00, 0x00, 0x00,
  0x08, 0x01, 0x00, 0x00, 0x20, 0x00, 0x00, 0x00, 0x00, 0x00, 0x00, 0x00,
  0x00, 0x00, 0x00, 0x00, 0x00, 0x00, 0x00, 0x00, 0x00, 0x00, 0x00, 0x00,
  0x00, 0x00, 0x00, 0x00, 0x00, 0x00, 0x00, 0x00, 0x00, 0x00, 0x00, 0x00,
  0x00, 0x00, 0x00, 0x00, 0x00, 0x00, 0x00, 0x00, 0x00, 0x00, 0x00, 0x00,
  0x00, 0x00, 0x00, 0x00, 0x00, 0x00, 0x00, 0x00, 0x00, 0x00, 0x00, 0x00,
  0x00, 0x00, 0x00, 0x00, 0x00, 0x00, 0x00, 0x00, 0x00, 0x00, 0x00, 0x00,
  0x00, 0x00, 0x00, 0x00, 0x00, 0x00, 0x00, 0x00, 0x00, 0x00, 0x00, 0x00,
  0x00, 0x00, 0x00, 0x00, 0x00, 0x00, 0x00, 0x00, 0x00, 0x00, 0x00, 0x00,
  0x00, 0x00, 0x00, 0x00, 0x00, 0x00, 0x00, 0x00, 0x00, 0x00, 0x00, 0x00,
  0x00, 0x00, 0x00, 0x00, 0x00, 0x00, 0x00, 0x00, 0x00, 0x00, 0x00, 0x00,
  0x00, 0x00, 0x00, 0x00, 0x00, 0x00, 0x00, 0x00, 0x00, 0x00, 0x00, 0x00,
  0x00, 0x00, 0x00, 0x00, 0x00, 0x00, 0x00, 0x00, 0x00, 0x00, 0x00, 0x00,
  0x00, 0x00, 0x00, 0x00, 0x00, 0x00, 0x00, 0x00, 0x00, 0x00, 0x00, 0x00,
  0x00, 0x00, 0x00, 0x00, 0x00, 0x00, 0x00, 0x00, 0x00, 0x00, 0x00, 0x00,
  0x00, 0x00, 0x00, 0x00, 0x00, 0x00, 0x00, 0x00, 0x00, 0x00, 0x00, 0x00,
  0x00, 0x00, 0x00, 0x00, 0x00, 0x00, 0x00, 0x00, 0x00, 0x00, 0x00, 0x00,
  0x00, 0x00, 0x00, 0x00, 0x00, 0x00, 0x00, 0x00, 0x00, 0x00, 0x00, 0x00,
  0x00, 0x00, 0x00, 0x00, 0x00, 0x00, 0x00, 0x00, 0x00, 0x00, 0x00, 0x00,
  0x00, 0x00, 0x00, 0x00, 0x00, 0x00, 0x00, 0x00, 0x00, 0x00, 0x00, 0x00,
  0x00, 0x00, 0x00, 0x00, 0x00, 0x00, 0x00, 0x00, 0x00, 0x00, 0x00, 0x00,
  0x00, 0x00, 0x00, 0x00, 0x00, 0x00, 0x00, 0x00, 0x00, 0x00, 0x00, 0x00,
  0x00, 0x00, 0x00, 0x00, 0x00, 0x00, 0x00, 0x00, 0x00, 0x00, 0x00, 0x00,
  0x20, 0x00, 0x00, 0x00, 0x8f, 0x97, 0x28, 0x39, 0xdb, 0x05, 0x22, 0x39,
  0x92, 0x52, 0xeb, 0x38, 0x56, 0xb3, 0x74, 0x39, 0x44, 0xde, 0xed, 0x38,
  0x60, 0x3a, 0x2e, 0x39, 0x80, 0x6f, 0x08, 0x39, 0x6b, 0xd8, 0x40, 0x39,
  0x29, 0xad, 0x34, 0x39, 0x29, 0x12, 0x27, 0x39, 0x84, 0x16, 0x28, 0x39,
  0x83, 0x53, 0xd9, 0x38, 0x98, 0xfb, 0x4e, 0x39, 0xf3, 0xe6, 0xf3, 0x38,
  0xc4, 0x16, 0xf7, 0x38, 0x0c, 0x01, 0x32, 0x39, 0x8c, 0x59, 0x01, 0x39,
  0xd1, 0xb1, 0x0e, 0x39, 0x45, 0xa8, 0x34, 0x39, 0x5e, 0xa3, 0xdd, 0x38,
  0xdf, 0x89, 0x59, 0x39, 0x88, 0x61, 0x99, 0x39, 0x7c, 0x98, 0x61, 0x39,
  0xf2, 0x74, 0x59, 0x39, 0x4b, 0x79, 0x54, 0x39, 0xe8, 0x85, 0xc7, 0x38,
  0x11, 0xef, 0x1c, 0x39, 0xff, 0x26, 0x2e, 0x39, 0x76, 0x03, 0x95, 0x39,
  0x63, 0x1c, 0xa0, 0x39, 0xd2, 0xf9, 0x38, 0x39, 0x93, 0x89, 0x69, 0x39,
  0xf7, 0x00, 0x00, 0x00, 0x66, 0x75, 0x6e, 0x63, 0x74, 0x69, 0x6f, 0x6e,
  0x61, 0x6c, 0x2f, 0x72, 0x65, 0x5f, 0x6c, 0x75, 0x5f, 0x31, 0x2f, 0x52,
  0x65, 0x6c, 0x75, 0x3b, 0x66, 0x75, 0x6e, 0x63, 0x74, 0x69, 0x6f, 0x6e,
  0x61, 0x6c, 0x2f, 0x62, 0x61, 0x74, 0x63, 0x68, 0x5f, 0x6e, 0x6f, 0x72,
  0x6d, 0x61, 0x6c, 0x69, 0x7a, 0x61, 0x74, 0x69, 0x6f, 0x6e, 0x5f, 0x31,
  0x2f, 0x62, 0x61, 0x74, 0x63, 0x68, 0x6e, 0x6f, 0x72, 0x6d, 0x2f, 0x61,
  0x64, 0x64, 0x5f, 0x31, 0x3b, 0x66, 0x75, 0x6e, 0x63, 0x74, 0x69, 0x6f,
  0x6e, 0x61, 0x6c, 0x2f, 0x62, 0x61, 0x74, 0x63, 0x68, 0x5f, 0x6e, 0x6f,
  0x72, 0x6d, 0x61, 0x6c, 0x69, 0x7a, 0x61, 0x74, 0x69, 0x6f, 0x6e, 0x5f,
  0x31, 0x2f, 0x62, 0x61, 0x74, 0x63, 0x68, 0x6e, 0x6f, 0x72, 0x6d, 0x2f,
  0x6d, 0x75, 0x6c, 0x5f, 0x31, 0x3b, 0x66, 0x75, 0x6e, 0x63, 0x74, 0x69,
  0x6f, 0x6e, 0x61, 0x6c, 0x2f, 0x63, 0x6f, 0x6e, 0x76, 0x32, 0x64, 0x5f,
  0x31, 0x2f, 0x63, 0x6f, 0x6e, 0x76, 0x6f, 0x6c, 0x75, 0x74, 0x69, 0x6f,
  0x6e, 0x3b, 0x66, 0x75, 0x6e, 0x63, 0x74, 0x69, 0x6f, 0x6e, 0x61, 0x6c,
  0x2f, 0x62, 0x61, 0x74, 0x63, 0x68, 0x5f, 0x6e, 0x6f, 0x72, 0x6d, 0x61,
  0x6c, 0x69, 0x7a, 0x61, 0x74, 0x69, 0x6f, 0x6e, 0x5f, 0x31, 0x2f, 0x62,
  0x61, 0x74, 0x63, 0x68, 0x6e, 0x6f, 0x72, 0x6d, 0x2f, 0x6d, 0x75, 0x6c,
  0x3b, 0x66, 0x75, 0x6e, 0x63, 0x74, 0x69, 0x6f, 0x6e, 0x61, 0x6c, 0x2f,
  0x62, 0x61, 0x74, 0x63, 0x68, 0x5f, 0x6e, 0x6f, 0x72, 0x6d, 0x61, 0x6c,
  0x69, 0x7a, 0x61, 0x74, 0x69, 0x6f, 0x6e, 0x5f, 0x31, 0x2f, 0x62, 0x61,
  0x74, 0x63, 0x68, 0x6e, 0x6f, 0x72, 0x6d, 0x2f, 0x73, 0x75, 0x62, 0x00,
  0x01, 0x00, 0x00, 0x00, 0x20, 0x00, 0x00, 0x00, 0x00, 0x00, 0x16, 0x00,
  0x1c, 0x00, 0x18, 0x00, 0x17, 0x00, 0x10, 0x00, 0x0c, 0x00, 0x08, 0x00,
  0x00, 0x00, 0x00, 0x00, 0x00, 0x00, 0x07, 0x00, 0x16, 0x00, 0x00, 0x00,
  0x00, 0x00, 0x00, 0x01, 0x20, 0x00, 0x00, 0x00, 0x34, 0x03, 0x00, 0x00,
  0x03, 0x00, 0x00, 0x00, 0x00, 0x00, 0x00, 0x02, 0x24, 0x04, 0x00, 0x00,
  0x0c, 0x00, 0x0c, 0x00, 0x00, 0x00, 0x00, 0x00, 0x08, 0x00, 0x04, 0x00,
  0x0c, 0x00, 0x00, 0x00, 0x08, 0x00, 0x00, 0x00, 0x0c, 0x02, 0x00, 0x00,
  0x40, 0x00, 0x00, 0x00, 0x00, 0x00, 0x00, 0x00, 0x00, 0x00, 0x00, 0x00,
  0x00, 0x00, 0x00, 0x00, 0x00, 0x00, 0x00, 0x00, 0x00, 0x00, 0x00, 0x00,
  0x00, 0x00, 0x00, 0x00, 0x00, 0x00, 0x00, 0x00, 0x00, 0x00, 0x00, 0x00,
  0x00, 0x00, 0x00, 0x00, 0x00, 0x00, 0x00, 0x00, 0x00, 0x00, 0x00, 0x00,
  0x00, 0x00, 0x00, 0x00, 0x00, 0x00, 0x00, 0x00, 0x00, 0x00, 0x00, 0x00,
  0x00, 0x00, 0x00, 0x00, 0x00, 0x00, 0x00, 0x00, 0x00, 0x00, 0x00, 0x00,
  0x00, 0x00, 0x00, 0x00, 0x00, 0x00, 0x00, 0x00, 0x00, 0x00, 0x00, 0x00,
  0x00, 0x00, 0x00, 0x00, 0x00, 0x00, 0x00, 0x00, 0x00, 0x00, 0x00, 0x00,
  0x00, 0x00, 0x00, 0x00, 0x00, 0x00, 0x00, 0x00, 0x00, 0x00, 0x00, 0x00,
  0x00, 0x00, 0x00, 0x00, 0x00, 0x00, 0x00, 0x00, 0x00, 0x00, 0x00, 0x00,
  0x00, 0x00, 0x00, 0x00, 0x00, 0x00, 0x00, 0x00, 0x00, 0x00, 0x00, 0x00,
  0x00, 0x00, 0x00, 0x00, 0x00, 0x00, 0x00, 0x00, 0x00, 0x00, 0x00, 0x00,
  0x00, 0x00, 0x00, 0x00, 0x00, 0x00, 0x00, 0x00, 0x00, 0x00, 0x00, 0x00,
  0x00, 0x00, 0x00, 0x00, 0x00, 0x00, 0x00, 0x00, 0x00, 0x00, 0x00, 0x00,
  0x00, 0x00, 0x00, 0x00, 0x00, 0x00, 0x00, 0x00, 0x00, 0x00, 0x00, 0x00,
  0x00, 0x00, 0x00, 0x00, 0x00, 0x00, 0x00, 0x00, 0x00, 0x00, 0x00, 0x00,
  0x00, 0x00, 0x00, 0x00, 0x00, 0x00, 0x00, 0x00, 0x00, 0x00, 0x00, 0x00,
  0x00, 0x00, 0x00, 0x00, 0x00, 0x00, 0x00, 0x00, 0x00, 0x00, 0x00, 0x00,
  0x00, 0x00, 0x00, 0x00, 0x00, 0x00, 0x00, 0x00, 0x00, 0x00, 0x00, 0x00,
  0x00, 0x00, 0x00, 0x00, 0x00, 0x00, 0x00, 0x00, 0x00, 0x00, 0x00, 0x00,
  0x00, 0x00, 0x00, 0x00, 0x00, 0x00, 0x00, 0x00, 0x00, 0x00, 0x00, 0x00,
  0x00, 0x00, 0x00, 0x00, 0x00, 0x00, 0x00, 0x00, 0x00, 0x00, 0x00, 0x00,
  0x00, 0x00, 0x00, 0x00, 0x00, 0x00, 0x00, 0x00, 0x00, 0x00, 0x00, 0x00,
  0x00, 0x00, 0x00, 0x00, 0x00, 0x00, 0x00, 0x00, 0x00, 0x00, 0x00, 0x00,
  0x00, 0x00, 0x00, 0x00, 0x00, 0x00, 0x00, 0x00, 0x00, 0x00, 0x00, 0x00,
  0x00, 0x00, 0x00, 0x00, 0x00, 0x00, 0x00, 0x00, 0x00, 0x00, 0x00, 0x00,
  0x00, 0x00, 0x00, 0x00, 0x00, 0x00, 0x00, 0x00, 0x00, 0x00, 0x00, 0x00,
  0x00, 0x00, 0x00, 0x00, 0x00, 0x00, 0x00, 0x00, 0x00, 0x00, 0x00, 0x00,
  0x00, 0x00, 0x00, 0x00, 0x00, 0x00, 0x00, 0x00, 0x00, 0x00, 0x00, 0x00,
  0x00, 0x00, 0x00, 0x00, 0x00, 0x00, 0x00, 0x00, 0x00, 0x00, 0x00, 0x00,
  0x00, 0x00, 0x00, 0x00, 0x00, 0x00, 0x00, 0x00, 0x00, 0x00, 0x00, 0x00,
  0x00, 0x00, 0x00, 0x00, 0x00, 0x00, 0x00, 0x00, 0x00, 0x00, 0x00, 0x00,
  0x00, 0x00, 0x00, 0x00, 0x00, 0x00, 0x00, 0x00, 0x00, 0x00, 0x00, 0x00,
  0x00, 0x00, 0x00, 0x00, 0x00, 0x00, 0x00, 0x00, 0x00, 0x00, 0x00, 0x00,
  0x00, 0x00, 0x00, 0x00, 0x00, 0x00, 0x00, 0x00, 0x00, 0x00, 0x00, 0x00,
  0x00, 0x00, 0x00, 0x00, 0x00, 0x00, 0x00, 0x00, 0x00, 0x00, 0x00, 0x00,
  0x00, 0x00, 0x00, 0x00, 0x00, 0x00, 0x00, 0x00, 0x00, 0x00, 0x00, 0x00,
  0x00, 0x00, 0x00, 0x00, 0x00, 0x00, 0x00, 0x00, 0x00, 0x00, 0x00, 0x00,
  0x00, 0x00, 0x00, 0x00, 0x00, 0x00, 0x00, 0x00, 0x00, 0x00, 0x00, 0x00,
  0x00, 0x00, 0x00, 0x00, 0x00, 0x00, 0x00, 0x00, 0x00, 0x00, 0x00, 0x00,
  0x00, 0x00, 0x00, 0x00, 0x00, 0x00, 0x00, 0x00, 0x00, 0x00, 0x00, 0x00,
  0x00, 0x00, 0x00, 0x00, 0x00, 0x00, 0x00, 0x00, 0x00, 0x00, 0x00, 0x00,
  0x00, 0x00, 0x00, 0x00, 0x00, 0x00, 0x00, 0x00, 0x00, 0x00, 0x00, 0x00,
  0x00, 0x00, 0x00, 0x00, 0x40, 0x00, 0x00, 0x00, 0x49, 0x40, 0x33, 0x39,
  0xb2, 0x4d, 0x99, 0x39, 0x11, 0xa1, 0x9b, 0x39, 0xcf, 0xe3, 0x94, 0x39,
  0x30, 0x05, 0x83, 0x39, 0x37, 0x1c, 0x98, 0x39, 0x2e, 0xad, 0x00, 0x3a,
  0x46, 0x84, 0x97, 0x39, 0x49, 0x6e, 0x32, 0x39, 0x5a, 0x9b, 0xf3, 0x39,
  0x37, 0x20, 0xa1, 0x39, 0xcd, 0x2f, 0x91, 0x39, 0x60, 0x97, 0xcc, 0x39,
  0xe4, 0x95, 0x78, 0x39, 0xae, 0x5a, 0x99, 0x39, 0x04, 0x9b, 0x00, 0x3a,
  0xee, 0xd9, 0xa9, 0x39, 0x61, 0x4c, 0x81, 0x39, 0x64, 0x0f, 0x60, 0x39,
  0xc9, 0x24, 0xe1, 0x39, 0xf9, 0xae, 0x2b, 0x39, 0x85, 0xc5, 0x83, 0x39,
  0x53, 0x44, 0x0d, 0x3a, 0xd4, 0xab, 0x93, 0x39, 0x62, 0xd3, 0x00, 0x3a,
  0x9d, 0xb1, 0xc5, 0x39, 0xf2, 0x2c, 0x51, 0x39, 0x96, 0x15, 0xa6, 0x39,
  0xcb, 0xeb, 0xa9, 0x39, 0xf2, 0xd6, 0xc0, 0x39, 0xc3, 0x85, 0x97, 0x39,
  0x5a, 0x0c, 0x3b, 0x39, 0xe3, 0xf4, 0x50, 0x39, 0x79, 0x32, 0x7b, 0x39,
  0x18, 0x2e, 0x70, 0x39, 0xdb, 0x8f, 0xfe, 0x39, 0xa1, 0x2f, 0xa4, 0x39,
  0xce, 0x51, 0xbc, 0x39, 0x15, 0x6f, 0x70, 0x39, 0xe7, 0x84, 0x3d, 0x39,
  0x2a, 0xd2, 0x1a, 0x39, 0x83, 0x58, 0x9e, 0x39, 0xca, 0xfd, 0xb3, 0x39,
  0xc1, 0x0a, 0xc7, 0x39, 0x1a, 0x14, 0x96, 0x39, 0x85, 0x61, 0xa0, 0x39,
  0x68, 0xd0, 0x95, 0x39, 0x12, 0xde, 0xa5, 0x39, 0xa4, 0xd4, 0xc0, 0x39,
  0xdc, 0x88, 0xea, 0x39, 0xa2, 0x02, 0xc1, 0x39, 0x0f, 0xa8, 0xaa, 0x39,
  0x89, 0x18, 0x87, 0x39, 0x3b, 0xd5, 0xbd, 0x39, 0x60, 0x0b, 0xb7, 0x39,
  0x0e, 0x3e, 0xb6, 0x39, 0xa9, 0xd1, 0xaa, 0x39, 0xf6, 0x9e, 0xc5, 0x39,
  0xca, 0xed, 0x58, 0x39, 0xef, 0xdb, 0xa6, 0x39, 0xb7, 0x42, 0x81, 0x39,
  0x7d, 0x9a, 0x9f, 0x39, 0xb6, 0xdf, 0x24, 0x39, 0x7a, 0xfe, 0xfb, 0x39,
  0xf7, 0x00, 0x00, 0x00, 0x66, 0x75, 0x6e, 0x63, 0x74, 0x69, 0x6f, 0x6e,
  0x61, 0x6c, 0x2f, 0x72, 0x65, 0x5f, 0x6c, 0x75, 0x5f, 0x32, 0x2f, 0x52,
  0x65, 0x6c, 0x75, 0x3b, 0x66, 0x75, 0x6e, 0x63, 0x74, 0x69, 0x6f, 0x6e,
  0x61, 0x6c, 0x2f, 0x62, 0x61, 0x74, 0x63, 0x68, 0x5f, 0x6e, 0x6f, 0x72,
  0x6d, 0x61, 0x6c, 0x69, 0x7a, 0x61, 0x74, 0x69, 0x6f, 0x6e, 0x5f, 0x32,
  0x2f, 0x62, 0x61, 0x74, 0x63, 0x68, 0x6e, 0x6f, 0x72, 0x6d, 0x2f, 0x61,
  0x64, 0x64, 0x5f, 0x31, 0x3b, 0x66, 0x75, 0x6e, 0x63, 0x74, 0x69, 0x6f,
  0x6e, 0x61, 0x6c, 0x2f, 0x62, 0x61, 0x74, 0x63, 0x68, 0x5f, 0x6e, 0x6f,
  0x72, 0x6d, 0x61, 0x6c, 0x69, 0x7a, 0x61, 0x74, 0x69, 0x6f, 0x6e, 0x5f,
  0x32, 0x2f, 0x62, 0x61, 0x74, 0x63, 0x68, 0x6e, 0x6f, 0x72, 0x6d, 0x2f,
  0x6d, 0x75, 0x6c, 0x5f, 0x31, 0x3b, 0x66, 0x75, 0x6e, 0x63, 0x74, 0x69,
  0x6f, 0x6e, 0x61, 0x6c, 0x2f, 0x63, 0x6f, 0x6e, 0x76, 0x32, 0x64, 0x5f,
  0x32, 0x2f, 0x63, 0x6f, 0x6e, 0x76, 0x6f, 0x6c, 0x75, 0x74, 0x69, 0x6f,
  0x6e, 0x3b, 0x66, 0x75, 0x6e, 0x63, 0x74, 0x69, 0x6f, 0x6e, 0x61, 0x6c,
  0x2f, 0x62, 0x61, 0x74, 0x63, 0x68, 0x5f, 0x6e, 0x6f, 0x72, 0x6d, 0x61,
  0x6c, 0x69, 0x7a, 0x61, 0x74, 0x69, 0x6f, 0x6e, 0x5f, 0x32, 0x2f, 0x62,
  0x61, 0x74, 0x63, 0x68, 0x6e, 0x6f, 0x72, 0x6d, 0x2f, 0x6d, 0x75, 0x6c,
  0x3b, 0x66, 0x75, 0x6e, 0x63, 0x74, 0x69, 0x6f, 0x6e, 0x61, 0x6c, 0x2f,
  0x62, 0x61, 0x74, 0x63, 0x68, 0x5f, 0x6e, 0x6f, 0x72, 0x6d, 0x61, 0x6c,
  0x69, 0x7a, 0x61, 0x74, 0x69, 0x6f, 0x6e, 0x5f, 0x32, 0x2f, 0x62, 0x61,
  0x74, 0x63, 0x68, 0x6e, 0x6f, 0x72, 0x6d, 0x2f, 0x73, 0x75, 0x62, 0x00,
  0x01, 0x00, 0x00, 0x00, 0x40, 0x00, 0x00, 0x00, 0x5e, 0xff, 0xff, 0xff,
  0x00, 0x00, 0x00, 0x01, 0x18, 0x00, 0x00, 0x00, 0x20, 0x00, 0x00, 0x00,
  0x58, 0x00, 0x00, 0x00, 0x02, 0x00, 0x00, 0x00, 0x00, 0x00, 0x00, 0x09,
  0x78, 0x00, 0x00, 0x00, 0x02, 0x00, 0x00, 0x00, 0xff, 0xff, 0xff, 0xff,
  0x04, 0x00, 0x00, 0x00, 0x44, 0xff, 0xff, 0xff, 0x10, 0x00, 0x00, 0x00,
  0x1c, 0x00, 0x00, 0x00, 0x20, 0x00, 0x00, 0x00, 0x24, 0x00, 0x00, 0x00,
  0x01, 0x00, 0x00, 0x00, 0x8b, 0xff, 0xff, 0xff, 0xff, 0xff, 0xff, 0xff,
  0x00, 0x00, 0x00, 0x00, 0x01, 0x00, 0x00, 0x00, 0xc9, 0xdf, 0x90, 0x3e,
  0x01, 0x00, 0x00, 0x00, 0xb0, 0x05, 0x8a, 0x42, 0x01, 0x00, 0x00, 0x00,
  0x12, 0x27, 0x49, 0xc0, 0x24, 0x00, 0x00, 0x00, 0x73, 0x65, 0x72, 0x76,
  0x69, 0x6e, 0x67, 0x5f, 0x64, 0x65, 0x66, 0x61, 0x75, 0x6c, 0x74, 0x5f,
  0x69, 0x6e, 0x70, 0x75, 0x74, 0x5f, 0x6c, 0x61, 0x79, 0x65, 0x72, 0x5f,
  0x31, 0x3a, 0x30, 0x5f, 0x69, 0x6e, 0x74, 0x38, 0x00, 0x00, 0x00, 0x00,
  0x02, 0x00, 0x00, 0x00, 0x01, 0x00, 0x00, 0x00, 0x04, 0x00, 0x00, 0x00,
  0x00, 0x00, 0x16, 0x00, 0x20, 0x00, 0x1c, 0x00, 0x1b, 0x00, 0x14, 0x00,
  0x10, 0x00, 0x0c, 0x00, 0x00, 0x00, 0x00, 0x00, 0x08, 0x00, 0x07, 0x00,
  0x16, 0x00, 0x00, 0x00, 0x00, 0x00, 0x00, 0x01, 0x18, 0x00, 0x00, 0x00,
  0x30, 0x00, 0x00, 0x00, 0x68, 0x00, 0x00, 0x00, 0x01, 0x00, 0x00, 0x00,
  0x00, 0x00, 0x00, 0x09, 0x84, 0x00, 0x00, 0x00, 0x03, 0x00, 0x00, 0x00,
  0xff, 0xff, 0xff, 0xff, 0x68, 0x01, 0x00, 0x00, 0x01, 0x00, 0x00, 0x00,
  0x0c, 0x00, 0x14, 0x00, 0x10, 0x00, 0x0c, 0x00, 0x08, 0x00, 0x04, 0x00,
  0x0c, 0x00, 0x00, 0x00, 0x10, 0x00, 0x00, 0x00, 0x1c, 0x00, 0x00, 0x00,
  0x20, 0x00, 0x00, 0x00, 0x24, 0x00, 0x00, 0x00, 0x01, 0x00, 0x00, 0x00,
  0x0f, 0x00, 0x00, 0x00, 0x00, 0x00, 0x00, 0x00, 0x00, 0x00, 0x00, 0x00,
  0x01, 0x00, 0x00, 0x00, 0x81, 0xd8, 0xa9, 0x3d, 0x01, 0x00, 0x00, 0x00,
  0xe7, 0x07, 0x15, 0x41, 0x01, 0x00, 0x00, 0x00, 0x68, 0x55, 0x3d, 0xc1,
  0x22, 0x00, 0x00, 0x00, 0x73, 0x65, 0x72, 0x76, 0x69, 0x6e, 0x67, 0x5f,
  0x64, 0x65, 0x66, 0x61, 0x75, 0x6c, 0x74, 0x5f, 0x69, 0x6e, 0x70, 0x75,
  0x74, 0x5f, 0x6c, 0x61, 0x79, 0x65, 0x72, 0x3a, 0x30, 0x5f, 0x69, 0x6e,
  0x74, 0x38, 0x00, 0x00, 0x03, 0x00, 0x00, 0x00, 0x01, 0x00, 0x00, 0x00,
  0x68, 0x01, 0x00, 0x00, 0x01, 0x00, 0x00, 0x00, 0x0c, 0x00, 0x00, 0x00,
  0xf4, 0x00, 0x00, 0x00, 0xd4, 0x00, 0x00, 0x00, 0xb4, 0x00, 0x00, 0x00,
  0xa4, 0x00, 0x00, 0x00, 0x90, 0x00, 0x00, 0x00, 0x7c, 0x00, 0x00, 0x00,
  0x68, 0x00, 0x00, 0x00, 0x54, 0x00, 0x00, 0x00, 0x40, 0x00, 0x00, 0x00,
  0x2c, 0x00, 0x00, 0x00, 0x18, 0x00, 0x00, 0x00, 0x04, 0x00, 0x00, 0x00,
  0x64, 0xff, 0xff, 0xff, 0x06, 0x00, 0x00, 0x00, 0x02, 0x00, 0x00, 0x00,
  0x00, 0x00, 0x00, 0x06, 0x74, 0xff, 0xff, 0xff, 0x72, 0x00, 0x00, 0x00,
  0x02, 0x00, 0x00, 0x00, 0x00, 0x00, 0x00, 0x72, 0x84, 0xff, 0xff, 0xff,
  0x19, 0x00, 0x00, 0x00, 0x02, 0x00, 0x00, 0x00, 0x00, 0x00, 0x00, 0x19,
  0x94, 0xff, 0xff, 0xff, 0x09, 0x00, 0x00, 0x00, 0x04, 0x00, 0x00, 0x00,
  0x00, 0x00, 0x00, 0x09, 0xa4, 0xff, 0xff, 0xff, 0x02, 0x00, 0x00, 0x00,
  0x02, 0x00, 0x00, 0x00, 0x00, 0x00, 0x00, 0x02, 0xb4, 0xff, 0xff, 0xff,
  0x28, 0x00, 0x00, 0x00, 0x02, 0x00, 0x00, 0x00, 0x00, 0x00, 0x00, 0x28,
  0xc4, 0xff, 0xff, 0xff, 0x11, 0x00, 0x00, 0x00, 0x02, 0x00, 0x00, 0x00,
  0x00, 0x00, 0x00, 0x11, 0xd4, 0xff, 0xff, 0xff, 0x03, 0x00, 0x00, 0x00,
  0x03, 0x00, 0x00, 0x00, 0x00, 0x00, 0x00, 0x03, 0xc8, 0xff, 0xff, 0xff,
  0x16, 0x00, 0x00, 0x00, 0x00, 0x00, 0x00, 0x16, 0xf0, 0xff, 0xff, 0xff,
  0x53, 0x00, 0x00, 0x00, 0x02, 0x00, 0x00, 0x00, 0x00, 0x00, 0x00, 0x53,
  0x0c, 0x00, 0x10, 0x00, 0x0f, 0x00, 0x00, 0x00, 0x08, 0x00, 0x04, 0x00,
  0x0c, 0x00, 0x00, 0x00, 0x2d, 0x00, 0x00, 0x00, 0x02, 0x00, 0x00, 0x00,
  0x00, 0x00, 0x00, 0x2d, 0x0c, 0x00, 0x0c, 0x00, 0x0b, 0x00, 0x00, 0x00,
  0x00, 0x00, 0x04, 0x00, 0x0c, 0x00, 0x00, 0x00, 0x4d, 0x00, 0x00, 0x00,
  0x00, 0x00, 0x00, 0x4d,
};
const unsigned int cardioedge_model_len = 24352;

#endif  // CARDIOEDGE_MODEL_H_